<?xml version="1.0" encoding="UTF-8" standalone="no" ?>
<gpx xmlns="http://www.topografix.com/GPX/1/1" creator="http://nakarte.me" xmlns:xsi="http://www.w3.org/2001/XMLSchema-instance" xsi:schemaLocation="http://www.topografix.com/GPX/1/1 http://www.topografix.com/GPX/1/1/gpx.xsd" version="1.1">
	<metadata>
		<time>2026-07-09T22:34:08.915Z</time>
	</metadata>
	<wpt lat="55.842715" lon="37.587235">
		<name>Начало ЗКМ-вело 160 км</name>
	</wpt>
	<wpt lat="55.842372" lon="37.587149">
		<name>Ворота закрыты с 22 часов до 8 часов</name>
	</wpt>
	<wpt lat="55.618676" lon="37.504945">
		<name>Высшая точка Москвы 255 метров</name>
	</wpt>
	<wpt lat="55.627516" lon="37.785354">
		<name>Низшая точка Москвы 110 м</name>
	</wpt>
	<trk>
		<name>ЗКМ_ВЕЛО_11.07.2025</name>
		<trkseg>
			<trkpt lat="55.842715" lon="37.587213"><time>1970-01-01T00:00:01.000Z</time></trkpt>
			<trkpt lat="55.842758" lon="37.587364"><time>1970-01-01T00:00:01.000Z</time></trkpt>
			<trkpt lat="55.842694" lon="37.587535"><time>1970-01-01T00:00:01.000Z</time></trkpt>
			<trkpt lat="55.843187" lon="37.589187"><time>1970-01-01T00:00:01.000Z</time></trkpt>
			<trkpt lat="55.842908" lon="37.589917"><time>1970-01-01T00:00:01.000Z</time></trkpt>
			<trkpt lat="55.842715" lon="37.589960"><time>1970-01-01T00:00:01.000Z</time></trkpt>
			<trkpt lat="55.841514" lon="37.590024"><time>1970-01-01T00:00:01.000Z</time></trkpt>
			<trkpt lat="55.841385" lon="37.590089"><time>1970-01-01T00:00:01.000Z</time></trkpt>
			<trkpt lat="55.841256" lon="37.590282"><time>1970-01-01T00:00:01.000Z</time></trkpt>
			<trkpt lat="55.840505" lon="37.592664"><time>1970-01-01T00:00:01.000Z</time></trkpt>
			<trkpt lat="55.840333" lon="37.593028"><time>1970-01-01T00:00:01.000Z</time></trkpt>
			<trkpt lat="55.840205" lon="37.593179"><time>1970-01-01T00:00:01.000Z</time></trkpt>
			<trkpt lat="55.839904" lon="37.593329"><time>1970-01-01T00:00:01.000Z</time></trkpt>
			<trkpt lat="55.839218" lon="37.593522"><time>1970-01-01T00:00:01.000Z</time></trkpt>
			<trkpt lat="55.838016" lon="37.593930"><time>1970-01-01T00:00:01.000Z</time></trkpt>
			<trkpt lat="55.837501" lon="37.593973"><time>1970-01-01T00:00:01.000Z</time></trkpt>
			<trkpt lat="55.836407" lon="37.595346"><time>1970-01-01T00:00:01.000Z</time></trkpt>
			<trkpt lat="55.834390" lon="37.598693"><time>1970-01-01T00:00:01.000Z</time></trkpt>
			<trkpt lat="55.833918" lon="37.598607"><time>1970-01-01T00:00:01.000Z</time></trkpt>
			<trkpt lat="55.833553" lon="37.597942"><time>1970-01-01T00:00:01.000Z</time></trkpt>
			<trkpt lat="55.832158" lon="37.600324"><time>1970-01-01T00:00:01.000Z</time></trkpt>
			<trkpt lat="55.831321" lon="37.601333"><time>1970-01-01T00:00:01.000Z</time></trkpt>
			<trkpt lat="55.831150" lon="37.602019"><time>1970-01-01T00:00:01.000Z</time></trkpt>
			<trkpt lat="55.831665" lon="37.604487"><time>1970-01-01T00:00:01.000Z</time></trkpt>
			<trkpt lat="55.832072" lon="37.605324"><time>1970-01-01T00:00:01.000Z</time></trkpt>
			<trkpt lat="55.833982" lon="37.608263"><time>1970-01-01T00:00:01.000Z</time></trkpt>
			<trkpt lat="55.835119" lon="37.610173"><time>1970-01-01T00:00:01.000Z</time></trkpt>
			<trkpt lat="55.837036" lon="37.612547"><time>1970-01-01T00:00:01.000Z</time></trkpt>
			<trkpt lat="55.837853" lon="37.612478"><time>1970-01-01T00:00:01.000Z</time></trkpt>
			<trkpt lat="55.838844" lon="37.612987"><time>1970-01-01T00:00:01.000Z</time></trkpt>
			<trkpt lat="55.839437" lon="37.613744"><time>1970-01-01T00:00:01.000Z</time></trkpt>
			<trkpt lat="55.839783" lon="37.615224"><time>1970-01-01T00:00:01.000Z</time></trkpt>
			<trkpt lat="55.840055" lon="37.617155"><time>1970-01-01T00:00:01.000Z</time></trkpt>
			<trkpt lat="55.840452" lon="37.619172"><time>1970-01-01T00:00:01.000Z</time></trkpt>
			<trkpt lat="55.840585" lon="37.620417"><time>1970-01-01T00:00:01.000Z</time></trkpt>
			<trkpt lat="55.840630" lon="37.621602"><time>1970-01-01T00:00:01.000Z</time></trkpt>
			<trkpt lat="55.840512" lon="37.624816"><time>1970-01-01T00:00:01.000Z</time></trkpt>
			<trkpt lat="55.840913" lon="37.625236"><time>1970-01-01T00:00:01.000Z</time></trkpt>
			<trkpt lat="55.841535" lon="37.628562"><time>1970-01-01T00:00:01.000Z</time></trkpt>
			<trkpt lat="55.841471" lon="37.630172"><time>1970-01-01T00:00:01.000Z</time></trkpt>
			<trkpt lat="55.841363" lon="37.630493"><time>1970-01-01T00:00:01.000Z</time></trkpt>
			<trkpt lat="55.841621" lon="37.630837"><time>1970-01-01T00:00:01.000Z</time></trkpt>
			<trkpt lat="55.841771" lon="37.631824"><time>1970-01-01T00:00:01.000Z</time></trkpt>
			<trkpt lat="55.842114" lon="37.632983"><time>1970-01-01T00:00:01.000Z</time></trkpt>
			<trkpt lat="55.842350" lon="37.633948"><time>1970-01-01T00:00:01.000Z</time></trkpt>
			<trkpt lat="55.842887" lon="37.635150"><time>1970-01-01T00:00:01.000Z</time></trkpt>
			<trkpt lat="55.843080" lon="37.635708"><time>1970-01-01T00:00:01.000Z</time></trkpt>
			<trkpt lat="55.843080" lon="37.635965"><time>1970-01-01T00:00:01.000Z</time></trkpt>
			<trkpt lat="55.842694" lon="37.636030"><time>1970-01-01T00:00:01.000Z</time></trkpt>
			<trkpt lat="55.842737" lon="37.637725"><time>1970-01-01T00:00:01.000Z</time></trkpt>
			<trkpt lat="55.840655" lon="37.636781"><time>1970-01-01T00:00:01.000Z</time></trkpt>
			<trkpt lat="55.840484" lon="37.640278"><time>1970-01-01T00:00:01.000Z</time></trkpt>
			<trkpt lat="55.840355" lon="37.641888"><time>1970-01-01T00:00:01.000Z</time></trkpt>
			<trkpt lat="55.840376" lon="37.643432"><time>1970-01-01T00:00:01.000Z</time></trkpt>
			<trkpt lat="55.839386" lon="37.643977"><time>1970-01-01T00:00:01.000Z</time></trkpt>
			<trkpt lat="55.839286" lon="37.643913"><time>1970-01-01T00:00:01.000Z</time></trkpt>
			<trkpt lat="55.838359" lon="37.646608"><time>1970-01-01T00:00:01.000Z</time></trkpt>
			<trkpt lat="55.838295" lon="37.647080"><time>1970-01-01T00:00:01.000Z</time></trkpt>
			<trkpt lat="55.837952" lon="37.648046"><time>1970-01-01T00:00:01.000Z</time></trkpt>
			<trkpt lat="55.837608" lon="37.648625"><time>1970-01-01T00:00:01.000Z</time></trkpt>
			<trkpt lat="55.837716" lon="37.648947"><time>1970-01-01T00:00:01.000Z</time></trkpt>
			<trkpt lat="55.837780" lon="37.649441"><time>1970-01-01T00:00:01.000Z</time></trkpt>
			<trkpt lat="55.837952" lon="37.649741"><time>1970-01-01T00:00:01.000Z</time></trkpt>
			<trkpt lat="55.838037" lon="37.650320"><time>1970-01-01T00:00:01.000Z</time></trkpt>
			<trkpt lat="55.837801" lon="37.650471"><time>1970-01-01T00:00:01.000Z</time></trkpt>
			<trkpt lat="55.837415" lon="37.650449"><time>1970-01-01T00:00:01.000Z</time></trkpt>
			<trkpt lat="55.836643" lon="37.651179"><time>1970-01-01T00:00:01.000Z</time></trkpt>
			<trkpt lat="55.836557" lon="37.651050"><time>1970-01-01T00:00:01.000Z</time></trkpt>
			<trkpt lat="55.836364" lon="37.651200"><time>1970-01-01T00:00:01.000Z</time></trkpt>
			<trkpt lat="55.836286" lon="37.651037"><time>1970-01-01T00:00:01.000Z</time></trkpt>
			<trkpt lat="55.836202" lon="37.651005"><time>1970-01-01T00:00:01.000Z</time></trkpt>
			<trkpt lat="55.835798" lon="37.651466"><time>1970-01-01T00:00:01.000Z</time></trkpt>
			<trkpt lat="55.835452" lon="37.652115"><time>1970-01-01T00:00:01.000Z</time></trkpt>
			<trkpt lat="55.835274" lon="37.652732"><time>1970-01-01T00:00:01.000Z</time></trkpt>
			<trkpt lat="55.834411" lon="37.653754"><time>1970-01-01T00:00:01.000Z</time></trkpt>
			<trkpt lat="55.833945" lon="37.653896"><time>1970-01-01T00:00:01.000Z</time></trkpt>
			<trkpt lat="55.833660" lon="37.654118"><time>1970-01-01T00:00:01.000Z</time></trkpt>
			<trkpt lat="55.833016" lon="37.654977"><time>1970-01-01T00:00:01.000Z</time></trkpt>
			<trkpt lat="55.832416" lon="37.655427"><time>1970-01-01T00:00:01.000Z</time></trkpt>
			<trkpt lat="55.832201" lon="37.655642"><time>1970-01-01T00:00:01.000Z</time></trkpt>
			<trkpt lat="55.832115" lon="37.655578"><time>1970-01-01T00:00:01.000Z</time></trkpt>
			<trkpt lat="55.832029" lon="37.655299"><time>1970-01-01T00:00:01.000Z</time></trkpt>
			<trkpt lat="55.831600" lon="37.654998"><time>1970-01-01T00:00:01.000Z</time></trkpt>
			<trkpt lat="55.831064" lon="37.654397"><time>1970-01-01T00:00:01.000Z</time></trkpt>
			<trkpt lat="55.830356" lon="37.653797"><time>1970-01-01T00:00:01.000Z</time></trkpt>
			<trkpt lat="55.830012" lon="37.653711"><time>1970-01-01T00:00:01.000Z</time></trkpt>
			<trkpt lat="55.829540" lon="37.653839"><time>1970-01-01T00:00:01.000Z</time></trkpt>
			<trkpt lat="55.829240" lon="37.653990"><time>1970-01-01T00:00:01.000Z</time></trkpt>
			<trkpt lat="55.829068" lon="37.654247"><time>1970-01-01T00:00:01.000Z</time></trkpt>
			<trkpt lat="55.829023" lon="37.654905"><time>1970-01-01T00:00:01.000Z</time></trkpt>
			<trkpt lat="55.828639" lon="37.655299"><time>1970-01-01T00:00:01.000Z</time></trkpt>
			<trkpt lat="55.828339" lon="37.656264"><time>1970-01-01T00:00:01.000Z</time></trkpt>
			<trkpt lat="55.827974" lon="37.657938"><time>1970-01-01T00:00:01.000Z</time></trkpt>
			<trkpt lat="55.827695" lon="37.660255"><time>1970-01-01T00:00:01.000Z</time></trkpt>
			<trkpt lat="55.827716" lon="37.660620"><time>1970-01-01T00:00:01.000Z</time></trkpt>
			<trkpt lat="55.827588" lon="37.661393"><time>1970-01-01T00:00:01.000Z</time></trkpt>
			<trkpt lat="55.826515" lon="37.666027"><time>1970-01-01T00:00:01.000Z</time></trkpt>
			<trkpt lat="55.826171" lon="37.666671"><time>1970-01-01T00:00:01.000Z</time></trkpt>
			<trkpt lat="55.826086" lon="37.666950"><time>1970-01-01T00:00:01.000Z</time></trkpt>
			<trkpt lat="55.826279" lon="37.667637"><time>1970-01-01T00:00:01.000Z</time></trkpt>
			<trkpt lat="55.826043" lon="37.668087"><time>1970-01-01T00:00:01.000Z</time></trkpt>
			<trkpt lat="55.825935" lon="37.668152"><time>1970-01-01T00:00:01.000Z</time></trkpt>
			<trkpt lat="55.825850" lon="37.668259"><time>1970-01-01T00:00:01.000Z</time></trkpt>
			<trkpt lat="55.825613" lon="37.669246"><time>1970-01-01T00:00:01.000Z</time></trkpt>
			<trkpt lat="55.824948" lon="37.669268"><time>1970-01-01T00:00:01.000Z</time></trkpt>
			<trkpt lat="55.824734" lon="37.669546"><time>1970-01-01T00:00:01.000Z</time></trkpt>
			<trkpt lat="55.824562" lon="37.669933"><time>1970-01-01T00:00:01.000Z</time></trkpt>
			<trkpt lat="55.824476" lon="37.670963"><time>1970-01-01T00:00:01.000Z</time></trkpt>
			<trkpt lat="55.824283" lon="37.671285"><time>1970-01-01T00:00:01.000Z</time></trkpt>
			<trkpt lat="55.823253" lon="37.672443"><time>1970-01-01T00:00:01.000Z</time></trkpt>
			<trkpt lat="55.822803" lon="37.672744"><time>1970-01-01T00:00:01.000Z</time></trkpt>
			<trkpt lat="55.821966" lon="37.673774"><time>1970-01-01T00:00:01.000Z</time></trkpt>
			<trkpt lat="55.821494" lon="37.674503"><time>1970-01-01T00:00:01.000Z</time></trkpt>
			<trkpt lat="55.821258" lon="37.674782"><time>1970-01-01T00:00:01.000Z</time></trkpt>
			<trkpt lat="55.820635" lon="37.675125"><time>1970-01-01T00:00:01.000Z</time></trkpt>
			<trkpt lat="55.819906" lon="37.676306"><time>1970-01-01T00:00:01.000Z</time></trkpt>
			<trkpt lat="55.819584" lon="37.677121"><time>1970-01-01T00:00:01.000Z</time></trkpt>
			<trkpt lat="55.819198" lon="37.677615"><time>1970-01-01T00:00:01.000Z</time></trkpt>
			<trkpt lat="55.819090" lon="37.678451"><time>1970-01-01T00:00:01.000Z</time></trkpt>
			<trkpt lat="55.818575" lon="37.679245"><time>1970-01-01T00:00:01.000Z</time></trkpt>
			<trkpt lat="55.818275" lon="37.680426"><time>1970-01-01T00:00:01.000Z</time></trkpt>
			<trkpt lat="55.818318" lon="37.681756"><time>1970-01-01T00:00:01.000Z</time></trkpt>
			<trkpt lat="55.817846" lon="37.683043"><time>1970-01-01T00:00:01.000Z</time></trkpt>
			<trkpt lat="55.817331" lon="37.684717"><time>1970-01-01T00:00:01.000Z</time></trkpt>
			<trkpt lat="55.817331" lon="37.685339"><time>1970-01-01T00:00:01.000Z</time></trkpt>
			<trkpt lat="55.817245" lon="37.685854"><time>1970-01-01T00:00:01.000Z</time></trkpt>
			<trkpt lat="55.817331" lon="37.686176"><time>1970-01-01T00:00:01.000Z</time></trkpt>
			<trkpt lat="55.817867" lon="37.687399"><time>1970-01-01T00:00:01.000Z</time></trkpt>
			<trkpt lat="55.818125" lon="37.686863"><time>1970-01-01T00:00:01.000Z</time></trkpt>
			<trkpt lat="55.818575" lon="37.686219"><time>1970-01-01T00:00:01.000Z</time></trkpt>
			<trkpt lat="55.818983" lon="37.684803"><time>1970-01-01T00:00:01.000Z</time></trkpt>
			<trkpt lat="55.819305" lon="37.684009"><time>1970-01-01T00:00:01.000Z</time></trkpt>
			<trkpt lat="55.819713" lon="37.683666"><time>1970-01-01T00:00:01.000Z</time></trkpt>
			<trkpt lat="55.820691" lon="37.684844"><time>1970-01-01T00:00:01.000Z</time></trkpt>
			<trkpt lat="55.821923" lon="37.684631"><time>1970-01-01T00:00:01.000Z</time></trkpt>
			<trkpt lat="55.825461" lon="37.684371"><time>1970-01-01T00:00:01.000Z</time></trkpt>
			<trkpt lat="55.830313" lon="37.683794"><time>1970-01-01T00:00:01.000Z</time></trkpt>
			<trkpt lat="55.830742" lon="37.692935"><time>1970-01-01T00:00:01.000Z</time></trkpt>
			<trkpt lat="55.830842" lon="37.693888"><time>1970-01-01T00:00:01.000Z</time></trkpt>
			<trkpt lat="55.831463" lon="37.693405"><time>1970-01-01T00:00:01.000Z</time></trkpt>
			<trkpt lat="55.832873" lon="37.694896"><time>1970-01-01T00:00:01.000Z</time></trkpt>
			<trkpt lat="55.832668" lon="37.695765"><time>1970-01-01T00:00:01.000Z</time></trkpt>
			<trkpt lat="55.832758" lon="37.696216"><time>1970-01-01T00:00:01.000Z</time></trkpt>
			<trkpt lat="55.832511" lon="37.698641"><time>1970-01-01T00:00:01.000Z</time></trkpt>
			<trkpt lat="55.832370" lon="37.698866"><time>1970-01-01T00:00:01.000Z</time></trkpt>
			<trkpt lat="55.832240" lon="37.698936"><time>1970-01-01T00:00:01.000Z</time></trkpt>
			<trkpt lat="55.832111" lon="37.699183"><time>1970-01-01T00:00:01.000Z</time></trkpt>
			<trkpt lat="55.831894" lon="37.700379"><time>1970-01-01T00:00:01.000Z</time></trkpt>
			<trkpt lat="55.831144" lon="37.703061"><time>1970-01-01T00:00:01.000Z</time></trkpt>
			<trkpt lat="55.831098" lon="37.703528"><time>1970-01-01T00:00:01.000Z</time></trkpt>
			<trkpt lat="55.831267" lon="37.708522"><time>1970-01-01T00:00:01.000Z</time></trkpt>
			<trkpt lat="55.832168" lon="37.728124"><time>1970-01-01T00:00:01.000Z</time></trkpt>
			<trkpt lat="55.832987" lon="37.745032"><time>1970-01-01T00:00:01.000Z</time></trkpt>
			<trkpt lat="55.831806" lon="37.745419"><time>1970-01-01T00:00:01.000Z</time></trkpt>
			<trkpt lat="55.825732" lon="37.747736"><time>1970-01-01T00:00:01.000Z</time></trkpt>
			<trkpt lat="55.822646" lon="37.749817"><time>1970-01-01T00:00:01.000Z</time></trkpt>
			<trkpt lat="55.820404" lon="37.750161"><time>1970-01-01T00:00:01.000Z</time></trkpt>
			<trkpt lat="55.817156" lon="37.742307"><time>1970-01-01T00:00:01.000Z</time></trkpt>
			<trkpt lat="55.814316" lon="37.737329"><time>1970-01-01T00:00:01.000Z</time></trkpt>
			<trkpt lat="55.814358" lon="37.736610"><time>1970-01-01T00:00:01.000Z</time></trkpt>
			<trkpt lat="55.814093" lon="37.735875"><time>1970-01-01T00:00:01.000Z</time></trkpt>
			<trkpt lat="55.814155" lon="37.734220"><time>1970-01-01T00:00:01.000Z</time></trkpt>
			<trkpt lat="55.812202" lon="37.731366"><time>1970-01-01T00:00:01.000Z</time></trkpt>
			<trkpt lat="55.811323" lon="37.729413"><time>1970-01-01T00:00:01.000Z</time></trkpt>
			<trkpt lat="55.810357" lon="37.731001"><time>1970-01-01T00:00:01.000Z</time></trkpt>
			<trkpt lat="55.809585" lon="37.729671"><time>1970-01-01T00:00:01.000Z</time></trkpt>
			<trkpt lat="55.808984" lon="37.730701"><time>1970-01-01T00:00:01.000Z</time></trkpt>
			<trkpt lat="55.808898" lon="37.730572"><time>1970-01-01T00:00:01.000Z</time></trkpt>
			<trkpt lat="55.808276" lon="37.731151"><time>1970-01-01T00:00:01.000Z</time></trkpt>
			<trkpt lat="55.807739" lon="37.732246"><time>1970-01-01T00:00:01.000Z</time></trkpt>
			<trkpt lat="55.807482" lon="37.731945"><time>1970-01-01T00:00:01.000Z</time></trkpt>
			<trkpt lat="55.807138" lon="37.731838"><time>1970-01-01T00:00:01.000Z</time></trkpt>
			<trkpt lat="55.807097" lon="37.731745"><time>1970-01-01T00:00:01.000Z</time></trkpt>
			<trkpt lat="55.805276" lon="37.731305"><time>1970-01-01T00:00:01.000Z</time></trkpt>
			<trkpt lat="55.804010" lon="37.730033"><time>1970-01-01T00:00:01.000Z</time></trkpt>
			<trkpt lat="55.803349" lon="37.729701"><time>1970-01-01T00:00:01.000Z</time></trkpt>
			<trkpt lat="55.802891" lon="37.729701"><time>1970-01-01T00:00:01.000Z</time></trkpt>
			<trkpt lat="55.802626" lon="37.729813"><time>1970-01-01T00:00:01.000Z</time></trkpt>
			<trkpt lat="55.801869" lon="37.730420"><time>1970-01-01T00:00:01.000Z</time></trkpt>
			<trkpt lat="55.802225" lon="37.731836"><time>1970-01-01T00:00:01.000Z</time></trkpt>
			<trkpt lat="55.802161" lon="37.731884"><time>1970-01-01T00:00:01.000Z</time></trkpt>
			<trkpt lat="55.802128" lon="37.731863"><time>1970-01-01T00:00:01.000Z</time></trkpt>
			<trkpt lat="55.801320" lon="37.732528"><time>1970-01-01T00:00:01.000Z</time></trkpt>
			<trkpt lat="55.800637" lon="37.733254"><time>1970-01-01T00:00:01.000Z</time></trkpt>
			<trkpt lat="55.801023" lon="37.734585"><time>1970-01-01T00:00:01.000Z</time></trkpt>
			<trkpt lat="55.800916" lon="37.734885"><time>1970-01-01T00:00:01.000Z</time></trkpt>
			<trkpt lat="55.800057" lon="37.735293"><time>1970-01-01T00:00:01.000Z</time></trkpt>
			<trkpt lat="55.799950" lon="37.736301"><time>1970-01-01T00:00:01.000Z</time></trkpt>
			<trkpt lat="55.799821" lon="37.736194"><time>1970-01-01T00:00:01.000Z</time></trkpt>
			<trkpt lat="55.799454" lon="37.733821"><time>1970-01-01T00:00:01.000Z</time></trkpt>
			<trkpt lat="55.798718" lon="37.734368"><time>1970-01-01T00:00:01.000Z</time></trkpt>
			<trkpt lat="55.797547" lon="37.734327"><time>1970-01-01T00:00:01.000Z</time></trkpt>
			<trkpt lat="55.797311" lon="37.734671"><time>1970-01-01T00:00:01.000Z</time></trkpt>
			<trkpt lat="55.797032" lon="37.734842"><time>1970-01-01T00:00:01.000Z</time></trkpt>
			<trkpt lat="55.796967" lon="37.735357"><time>1970-01-01T00:00:01.000Z</time></trkpt>
			<trkpt lat="55.796238" lon="37.735164"><time>1970-01-01T00:00:01.000Z</time></trkpt>
			<trkpt lat="55.795487" lon="37.735100"><time>1970-01-01T00:00:01.000Z</time></trkpt>
			<trkpt lat="55.786830" lon="37.736278"><time>1970-01-01T00:00:01.000Z</time></trkpt>
			<trkpt lat="55.787047" lon="37.742372"><time>1970-01-01T00:00:01.000Z</time></trkpt>
			<trkpt lat="55.787336" lon="37.745461"><time>1970-01-01T00:00:01.000Z</time></trkpt>
			<trkpt lat="55.788060" lon="37.747436"><time>1970-01-01T00:00:01.000Z</time></trkpt>
			<trkpt lat="55.788020" lon="37.748039"><time>1970-01-01T00:00:01.000Z</time></trkpt>
			<trkpt lat="55.788127" lon="37.751386"><time>1970-01-01T00:00:01.000Z</time></trkpt>
			<trkpt lat="55.791775" lon="37.752330"><time>1970-01-01T00:00:01.000Z</time></trkpt>
			<trkpt lat="55.791753" lon="37.752588"><time>1970-01-01T00:00:01.000Z</time></trkpt>
			<trkpt lat="55.791303" lon="37.754562"><time>1970-01-01T00:00:01.000Z</time></trkpt>
			<trkpt lat="55.791646" lon="37.755077"><time>1970-01-01T00:00:01.000Z</time></trkpt>
			<trkpt lat="55.792032" lon="37.755570"><time>1970-01-01T00:00:01.000Z</time></trkpt>
			<trkpt lat="55.792590" lon="37.755763"><time>1970-01-01T00:00:01.000Z</time></trkpt>
			<trkpt lat="55.792933" lon="37.756107"><time>1970-01-01T00:00:01.000Z</time></trkpt>
			<trkpt lat="55.793191" lon="37.757330"><time>1970-01-01T00:00:01.000Z</time></trkpt>
			<trkpt lat="55.793341" lon="37.759240"><time>1970-01-01T00:00:01.000Z</time></trkpt>
			<trkpt lat="55.793577" lon="37.763982"><time>1970-01-01T00:00:01.000Z</time></trkpt>
			<trkpt lat="55.793255" lon="37.765527"><time>1970-01-01T00:00:01.000Z</time></trkpt>
			<trkpt lat="55.793148" lon="37.766299"><time>1970-01-01T00:00:01.000Z</time></trkpt>
			<trkpt lat="55.792461" lon="37.767823"><time>1970-01-01T00:00:01.000Z</time></trkpt>
			<trkpt lat="55.791217" lon="37.767179"><time>1970-01-01T00:00:01.000Z</time></trkpt>
			<trkpt lat="55.790809" lon="37.766878"><time>1970-01-01T00:00:01.000Z</time></trkpt>
			<trkpt lat="55.790487" lon="37.766578"><time>1970-01-01T00:00:01.000Z</time></trkpt>
			<trkpt lat="55.790552" lon="37.765655"><time>1970-01-01T00:00:01.000Z</time></trkpt>
			<trkpt lat="55.790938" lon="37.764432"><time>1970-01-01T00:00:01.000Z</time></trkpt>
			<trkpt lat="55.790874" lon="37.763767"><time>1970-01-01T00:00:01.000Z</time></trkpt>
			<trkpt lat="55.789350" lon="37.763510"><time>1970-01-01T00:00:01.000Z</time></trkpt>
			<trkpt lat="55.788535" lon="37.762050"><time>1970-01-01T00:00:01.000Z</time></trkpt>
			<trkpt lat="55.788234" lon="37.762072"><time>1970-01-01T00:00:01.000Z</time></trkpt>
			<trkpt lat="55.788191" lon="37.762501"><time>1970-01-01T00:00:01.000Z</time></trkpt>
			<trkpt lat="55.788213" lon="37.762780"><time>1970-01-01T00:00:01.000Z</time></trkpt>
			<trkpt lat="55.787698" lon="37.762737"><time>1970-01-01T00:00:01.000Z</time></trkpt>
			<trkpt lat="55.787732" lon="37.765739"><time>1970-01-01T00:00:01.000Z</time></trkpt>
			<trkpt lat="55.787656" lon="37.765986"><time>1970-01-01T00:00:01.000Z</time></trkpt>
			<trkpt lat="55.787207" lon="37.766410"><time>1970-01-01T00:00:01.000Z</time></trkpt>
			<trkpt lat="55.786700" lon="37.767139"><time>1970-01-01T00:00:01.000Z</time></trkpt>
			<trkpt lat="55.786603" lon="37.767397"><time>1970-01-01T00:00:01.000Z</time></trkpt>
			<trkpt lat="55.786926" lon="37.769762"><time>1970-01-01T00:00:01.000Z</time></trkpt>
			<trkpt lat="55.787089" lon="37.771726"><time>1970-01-01T00:00:01.000Z</time></trkpt>
			<trkpt lat="55.786980" lon="37.772133"><time>1970-01-01T00:00:01.000Z</time></trkpt>
			<trkpt lat="55.786588" lon="37.772734"><time>1970-01-01T00:00:01.000Z</time></trkpt>
			<trkpt lat="55.785852" lon="37.774075"><time>1970-01-01T00:00:01.000Z</time></trkpt>
			<trkpt lat="55.785442" lon="37.774644"><time>1970-01-01T00:00:01.000Z</time></trkpt>
			<trkpt lat="55.784815" lon="37.775309"><time>1970-01-01T00:00:01.000Z</time></trkpt>
			<trkpt lat="55.784030" lon="37.775685"><time>1970-01-01T00:00:01.000Z</time></trkpt>
			<trkpt lat="55.783198" lon="37.776479"><time>1970-01-01T00:00:01.000Z</time></trkpt>
			<trkpt lat="55.782691" lon="37.777283"><time>1970-01-01T00:00:01.000Z</time></trkpt>
			<trkpt lat="55.782233" lon="37.777680"><time>1970-01-01T00:00:01.000Z</time></trkpt>
			<trkpt lat="55.781926" lon="37.779024"><time>1970-01-01T00:00:01.000Z</time></trkpt>
			<trkpt lat="55.781561" lon="37.780096"><time>1970-01-01T00:00:01.000Z</time></trkpt>
			<trkpt lat="55.781325" lon="37.781126"><time>1970-01-01T00:00:01.000Z</time></trkpt>
			<trkpt lat="55.780488" lon="37.782414"><time>1970-01-01T00:00:01.000Z</time></trkpt>
			<trkpt lat="55.779887" lon="37.782757"><time>1970-01-01T00:00:01.000Z</time></trkpt>
			<trkpt lat="55.779673" lon="37.783015"><time>1970-01-01T00:00:01.000Z</time></trkpt>
			<trkpt lat="55.779308" lon="37.782972"><time>1970-01-01T00:00:01.000Z</time></trkpt>
			<trkpt lat="55.774802" lon="37.782929"><time>1970-01-01T00:00:01.000Z</time></trkpt>
			<trkpt lat="55.774265" lon="37.784045"><time>1970-01-01T00:00:01.000Z</time></trkpt>
			<trkpt lat="55.773750" lon="37.783916"><time>1970-01-01T00:00:01.000Z</time></trkpt>
			<trkpt lat="55.773793" lon="37.789044"><time>1970-01-01T00:00:01.000Z</time></trkpt>
			<trkpt lat="55.769351" lon="37.789323"><time>1970-01-01T00:00:01.000Z</time></trkpt>
			<trkpt lat="55.766326" lon="37.789430"><time>1970-01-01T00:00:01.000Z</time></trkpt>
			<trkpt lat="55.765918" lon="37.789538"><time>1970-01-01T00:00:01.000Z</time></trkpt>
			<trkpt lat="55.765532" lon="37.789752"><time>1970-01-01T00:00:01.000Z</time></trkpt>
			<trkpt lat="55.767807" lon="37.801211"><time>1970-01-01T00:00:01.000Z</time></trkpt>
			<trkpt lat="55.766390" lon="37.801361"><time>1970-01-01T00:00:01.000Z</time></trkpt>
			<trkpt lat="55.766240" lon="37.802584"><time>1970-01-01T00:00:01.000Z</time></trkpt>
			<trkpt lat="55.766026" lon="37.806017"><time>1970-01-01T00:00:01.000Z</time></trkpt>
			<trkpt lat="55.765854" lon="37.806125"><time>1970-01-01T00:00:01.000Z</time></trkpt>
			<trkpt lat="55.765639" lon="37.805996"><time>1970-01-01T00:00:01.000Z</time></trkpt>
			<trkpt lat="55.765446" lon="37.807562"><time>1970-01-01T00:00:01.000Z</time></trkpt>
			<trkpt lat="55.764931" lon="37.810716"><time>1970-01-01T00:00:01.000Z</time></trkpt>
			<trkpt lat="55.764867" lon="37.811832"><time>1970-01-01T00:00:01.000Z</time></trkpt>
			<trkpt lat="55.764631" lon="37.812562"><time>1970-01-01T00:00:01.000Z</time></trkpt>
			<trkpt lat="55.763472" lon="37.812369"><time>1970-01-01T00:00:01.000Z</time></trkpt>
			<trkpt lat="55.763300" lon="37.812605"><time>1970-01-01T00:00:01.000Z</time></trkpt>
			<trkpt lat="55.763172" lon="37.814107"><time>1970-01-01T00:00:01.000Z</time></trkpt>
			<trkpt lat="55.763665" lon="37.814515"><time>1970-01-01T00:00:01.000Z</time></trkpt>
			<trkpt lat="55.765446" lon="37.814515"><time>1970-01-01T00:00:01.000Z</time></trkpt>
			<trkpt lat="55.765275" lon="37.817390"><time>1970-01-01T00:00:01.000Z</time></trkpt>
			<trkpt lat="55.764523" lon="37.817798"><time>1970-01-01T00:00:01.000Z</time></trkpt>
			<trkpt lat="55.763708" lon="37.819171"><time>1970-01-01T00:00:01.000Z</time></trkpt>
			<trkpt lat="55.763236" lon="37.819772"><time>1970-01-01T00:00:01.000Z</time></trkpt>
			<trkpt lat="55.762163" lon="37.821445"><time>1970-01-01T00:00:01.000Z</time></trkpt>
			<trkpt lat="55.762120" lon="37.821767"><time>1970-01-01T00:00:01.000Z</time></trkpt>
			<trkpt lat="55.761884" lon="37.821724"><time>1970-01-01T00:00:01.000Z</time></trkpt>
			<trkpt lat="55.761691" lon="37.822389"><time>1970-01-01T00:00:01.000Z</time></trkpt>
			<trkpt lat="55.761519" lon="37.822733"><time>1970-01-01T00:00:01.000Z</time></trkpt>
			<trkpt lat="55.760532" lon="37.824406"><time>1970-01-01T00:00:01.000Z</time></trkpt>
			<trkpt lat="55.760210" lon="37.824728"><time>1970-01-01T00:00:01.000Z</time></trkpt>
			<trkpt lat="55.759953" lon="37.824707"><time>1970-01-01T00:00:01.000Z</time></trkpt>
			<trkpt lat="55.759331" lon="37.825415"><time>1970-01-01T00:00:01.000Z</time></trkpt>
			<trkpt lat="55.758794" lon="37.825200"><time>1970-01-01T00:00:01.000Z</time></trkpt>
			<trkpt lat="55.756391" lon="37.824063"><time>1970-01-01T00:00:01.000Z</time></trkpt>
			<trkpt lat="55.752829" lon="37.822540"><time>1970-01-01T00:00:01.000Z</time></trkpt>
			<trkpt lat="55.751198" lon="37.821767"><time>1970-01-01T00:00:01.000Z</time></trkpt>
			<trkpt lat="55.751091" lon="37.821681"><time>1970-01-01T00:00:01.000Z</time></trkpt>
			<trkpt lat="55.750769" lon="37.821596"><time>1970-01-01T00:00:01.000Z</time></trkpt>
			<trkpt lat="55.748108" lon="37.820287"><time>1970-01-01T00:00:01.000Z</time></trkpt>
			<trkpt lat="55.745576" lon="37.817347"><time>1970-01-01T00:00:01.000Z</time></trkpt>
			<trkpt lat="55.744654" lon="37.817969"><time>1970-01-01T00:00:01.000Z</time></trkpt>
			<trkpt lat="55.744825" lon="37.818785"><time>1970-01-01T00:00:01.000Z</time></trkpt>
			<trkpt lat="55.744203" lon="37.819235"><time>1970-01-01T00:00:01.000Z</time></trkpt>
			<trkpt lat="55.744332" lon="37.819986"><time>1970-01-01T00:00:01.000Z</time></trkpt>
			<trkpt lat="55.744203" lon="37.820222"><time>1970-01-01T00:00:01.000Z</time></trkpt>
			<trkpt lat="55.743946" lon="37.820372"><time>1970-01-01T00:00:01.000Z</time></trkpt>
			<trkpt lat="55.743452" lon="37.818527"><time>1970-01-01T00:00:01.000Z</time></trkpt>
			<trkpt lat="55.742594" lon="37.814686"><time>1970-01-01T00:00:01.000Z</time></trkpt>
			<trkpt lat="55.742401" lon="37.814407"><time>1970-01-01T00:00:01.000Z</time></trkpt>
			<trkpt lat="55.740233" lon="37.812412"><time>1970-01-01T00:00:01.000Z</time></trkpt>
			<trkpt lat="55.738796" lon="37.811017"><time>1970-01-01T00:00:01.000Z</time></trkpt>
			<trkpt lat="55.739611" lon="37.808184"><time>1970-01-01T00:00:01.000Z</time></trkpt>
			<trkpt lat="55.736199" lon="37.803678"><time>1970-01-01T00:00:01.000Z</time></trkpt>
			<trkpt lat="55.736521" lon="37.802284"><time>1970-01-01T00:00:01.000Z</time></trkpt>
			<trkpt lat="55.736543" lon="37.801661"><time>1970-01-01T00:00:01.000Z</time></trkpt>
			<trkpt lat="55.736350" lon="37.801618"><time>1970-01-01T00:00:01.000Z</time></trkpt>
			<trkpt lat="55.734611" lon="37.799752"><time>1970-01-01T00:00:01.000Z</time></trkpt>
			<trkpt lat="55.734097" lon="37.799151"><time>1970-01-01T00:00:01.000Z</time></trkpt>
			<trkpt lat="55.733903" lon="37.798679"><time>1970-01-01T00:00:01.000Z</time></trkpt>
			<trkpt lat="55.733582" lon="37.799086"><time>1970-01-01T00:00:01.000Z</time></trkpt>
			<trkpt lat="55.732981" lon="37.800138"><time>1970-01-01T00:00:01.000Z</time></trkpt>
			<trkpt lat="55.731865" lon="37.801576"><time>1970-01-01T00:00:01.000Z</time></trkpt>
			<trkpt lat="55.731414" lon="37.801897"><time>1970-01-01T00:00:01.000Z</time></trkpt>
			<trkpt lat="55.730320" lon="37.801876"><time>1970-01-01T00:00:01.000Z</time></trkpt>
			<trkpt lat="55.730062" lon="37.802219"><time>1970-01-01T00:00:01.000Z</time></trkpt>
			<trkpt lat="55.729955" lon="37.802563"><time>1970-01-01T00:00:01.000Z</time></trkpt>
			<trkpt lat="55.727337" lon="37.799880"><time>1970-01-01T00:00:01.000Z</time></trkpt>
			<trkpt lat="55.726286" lon="37.799752"><time>1970-01-01T00:00:01.000Z</time></trkpt>
			<trkpt lat="55.725878" lon="37.799816"><time>1970-01-01T00:00:01.000Z</time></trkpt>
			<trkpt lat="55.725535" lon="37.799988"><time>1970-01-01T00:00:01.000Z</time></trkpt>
			<trkpt lat="55.724956" lon="37.800095"><time>1970-01-01T00:00:01.000Z</time></trkpt>
			<trkpt lat="55.724655" lon="37.799344"><time>1970-01-01T00:00:01.000Z</time></trkpt>
			<trkpt lat="55.724355" lon="37.798185"><time>1970-01-01T00:00:01.000Z</time></trkpt>
			<trkpt lat="55.724290" lon="37.797584"><time>1970-01-01T00:00:01.000Z</time></trkpt>
			<trkpt lat="55.724483" lon="37.797005"><time>1970-01-01T00:00:01.000Z</time></trkpt>
			<trkpt lat="55.724226" lon="37.796683"><time>1970-01-01T00:00:01.000Z</time></trkpt>
			<trkpt lat="55.723840" lon="37.797177"><time>1970-01-01T00:00:01.000Z</time></trkpt>
			<trkpt lat="55.723582" lon="37.797584"><time>1970-01-01T00:00:01.000Z</time></trkpt>
			<trkpt lat="55.723496" lon="37.797434"><time>1970-01-01T00:00:01.000Z</time></trkpt>
			<trkpt lat="55.723239" lon="37.797563"><time>1970-01-01T00:00:01.000Z</time></trkpt>
			<trkpt lat="55.723046" lon="37.797413"><time>1970-01-01T00:00:01.000Z</time></trkpt>
			<trkpt lat="55.722939" lon="37.797692"><time>1970-01-01T00:00:01.000Z</time></trkpt>
			<trkpt lat="55.722595" lon="37.797348"><time>1970-01-01T00:00:01.000Z</time></trkpt>
			<trkpt lat="55.722702" lon="37.797005"><time>1970-01-01T00:00:01.000Z</time></trkpt>
			<trkpt lat="55.722509" lon="37.796726"><time>1970-01-01T00:00:01.000Z</time></trkpt>
			<trkpt lat="55.721222" lon="37.800524"><time>1970-01-01T00:00:01.000Z</time></trkpt>
			<trkpt lat="55.720943" lon="37.800438"><time>1970-01-01T00:00:01.000Z</time></trkpt>
			<trkpt lat="55.720557" lon="37.798657"><time>1970-01-01T00:00:01.000Z</time></trkpt>
			<trkpt lat="55.720364" lon="37.798250"><time>1970-01-01T00:00:01.000Z</time></trkpt>
			<trkpt lat="55.717231" lon="37.797220"><time>1970-01-01T00:00:01.000Z</time></trkpt>
			<trkpt lat="55.716995" lon="37.796340"><time>1970-01-01T00:00:01.000Z</time></trkpt>
			<trkpt lat="55.716437" lon="37.795975"><time>1970-01-01T00:00:01.000Z</time></trkpt>
			<trkpt lat="55.716351" lon="37.796512"><time>1970-01-01T00:00:01.000Z</time></trkpt>
			<trkpt lat="55.715943" lon="37.796876"><time>1970-01-01T00:00:01.000Z</time></trkpt>
			<trkpt lat="55.715300" lon="37.796812"><time>1970-01-01T00:00:01.000Z</time></trkpt>
			<trkpt lat="55.713411" lon="37.796233"><time>1970-01-01T00:00:01.000Z</time></trkpt>
			<trkpt lat="55.708819" lon="37.794688"><time>1970-01-01T00:00:01.000Z</time></trkpt>
			<trkpt lat="55.703906" lon="37.793186"><time>1970-01-01T00:00:01.000Z</time></trkpt>
			<trkpt lat="55.702618" lon="37.792756"><time>1970-01-01T00:00:01.000Z</time></trkpt>
			<trkpt lat="55.701459" lon="37.792499"><time>1970-01-01T00:00:01.000Z</time></trkpt>
			<trkpt lat="55.696953" lon="37.791169"><time>1970-01-01T00:00:01.000Z</time></trkpt>
			<trkpt lat="55.694657" lon="37.790568"><time>1970-01-01T00:00:01.000Z</time></trkpt>
			<trkpt lat="55.692297" lon="37.789795"><time>1970-01-01T00:00:01.000Z</time></trkpt>
			<trkpt lat="55.691396" lon="37.789538"><time>1970-01-01T00:00:01.000Z</time></trkpt>
			<trkpt lat="55.690859" lon="37.789430"><time>1970-01-01T00:00:01.000Z</time></trkpt>
			<trkpt lat="55.690387" lon="37.789280"><time>1970-01-01T00:00:01.000Z</time></trkpt>
			<trkpt lat="55.690452" lon="37.788508"><time>1970-01-01T00:00:01.000Z</time></trkpt>
			<trkpt lat="55.690537" lon="37.786448"><time>1970-01-01T00:00:01.000Z</time></trkpt>
			<trkpt lat="55.690387" lon="37.785954"><time>1970-01-01T00:00:01.000Z</time></trkpt>
			<trkpt lat="55.690194" lon="37.785032"><time>1970-01-01T00:00:01.000Z</time></trkpt>
			<trkpt lat="55.689701" lon="37.785504"><time>1970-01-01T00:00:01.000Z</time></trkpt>
			<trkpt lat="55.688606" lon="37.785525"><time>1970-01-01T00:00:01.000Z</time></trkpt>
			<trkpt lat="55.688477" lon="37.785568"><time>1970-01-01T00:00:01.000Z</time></trkpt>
			<trkpt lat="55.688306" lon="37.785740"><time>1970-01-01T00:00:01.000Z</time></trkpt>
			<trkpt lat="55.686525" lon="37.789323"><time>1970-01-01T00:00:01.000Z</time></trkpt>
			<trkpt lat="55.686139" lon="37.790761"><time>1970-01-01T00:00:01.000Z</time></trkpt>
			<trkpt lat="55.686182" lon="37.791576"><time>1970-01-01T00:00:01.000Z</time></trkpt>
			<trkpt lat="55.686418" lon="37.792392"><time>1970-01-01T00:00:01.000Z</time></trkpt>
			<trkpt lat="55.686868" lon="37.793271"><time>1970-01-01T00:00:01.000Z</time></trkpt>
			<trkpt lat="55.687061" lon="37.794580"><time>1970-01-01T00:00:01.000Z</time></trkpt>
			<trkpt lat="55.687769" lon="37.796705"><time>1970-01-01T00:00:01.000Z</time></trkpt>
			<trkpt lat="55.688113" lon="37.798293"><time>1970-01-01T00:00:01.000Z</time></trkpt>
			<trkpt lat="55.688113" lon="37.799966"><time>1970-01-01T00:00:01.000Z</time></trkpt>
			<trkpt lat="55.687855" lon="37.801790"><time>1970-01-01T00:00:01.000Z</time></trkpt>
			<trkpt lat="55.687405" lon="37.804386"><time>1970-01-01T00:00:01.000Z</time></trkpt>
			<trkpt lat="55.687233" lon="37.804837"><time>1970-01-01T00:00:01.000Z</time></trkpt>
			<trkpt lat="55.686739" lon="37.805030"><time>1970-01-01T00:00:01.000Z</time></trkpt>
			<trkpt lat="55.686654" lon="37.806361"><time>1970-01-01T00:00:01.000Z</time></trkpt>
			<trkpt lat="55.686310" lon="37.807391"><time>1970-01-01T00:00:01.000Z</time></trkpt>
			<trkpt lat="55.686031" lon="37.807841"><time>1970-01-01T00:00:01.000Z</time></trkpt>
			<trkpt lat="55.686031" lon="37.809665"><time>1970-01-01T00:00:01.000Z</time></trkpt>
			<trkpt lat="55.685559" lon="37.814128"><time>1970-01-01T00:00:01.000Z</time></trkpt>
			<trkpt lat="55.685602" lon="37.814600"><time>1970-01-01T00:00:01.000Z</time></trkpt>
			<trkpt lat="55.685967" lon="37.815180"><time>1970-01-01T00:00:01.000Z</time></trkpt>
			<trkpt lat="55.686224" lon="37.815931"><time>1970-01-01T00:00:01.000Z</time></trkpt>
			<trkpt lat="55.686289" lon="37.816338"><time>1970-01-01T00:00:01.000Z</time></trkpt>
			<trkpt lat="55.686246" lon="37.816725"><time>1970-01-01T00:00:01.000Z</time></trkpt>
			<trkpt lat="55.686117" lon="37.816918"><time>1970-01-01T00:00:01.000Z</time></trkpt>
			<trkpt lat="55.686482" lon="37.817411"><time>1970-01-01T00:00:01.000Z</time></trkpt>
			<trkpt lat="55.686418" lon="37.817669"><time>1970-01-01T00:00:01.000Z</time></trkpt>
			<trkpt lat="55.686396" lon="37.819621"><time>1970-01-01T00:00:01.000Z</time></trkpt>
			<trkpt lat="55.686053" lon="37.820887"><time>1970-01-01T00:00:01.000Z</time></trkpt>
			<trkpt lat="55.685924" lon="37.821574"><time>1970-01-01T00:00:01.000Z</time></trkpt>
			<trkpt lat="55.685409" lon="37.823076"><time>1970-01-01T00:00:01.000Z</time></trkpt>
			<trkpt lat="55.684744" lon="37.827282"><time>1970-01-01T00:00:01.000Z</time></trkpt>
			<trkpt lat="55.683177" lon="37.830329"><time>1970-01-01T00:00:01.000Z</time></trkpt>
			<trkpt lat="55.681482" lon="37.828290"><time>1970-01-01T00:00:01.000Z</time></trkpt>
			<trkpt lat="55.681160" lon="37.828119"><time>1970-01-01T00:00:01.000Z</time></trkpt>
			<trkpt lat="55.680345" lon="37.828462"><time>1970-01-01T00:00:01.000Z</time></trkpt>
			<trkpt lat="55.680023" lon="37.828827"><time>1970-01-01T00:00:01.000Z</time></trkpt>
			<trkpt lat="55.679787" lon="37.828805"><time>1970-01-01T00:00:01.000Z</time></trkpt>
			<trkpt lat="55.678950" lon="37.829213"><time>1970-01-01T00:00:01.000Z</time></trkpt>
			<trkpt lat="55.678092" lon="37.830264"><time>1970-01-01T00:00:01.000Z</time></trkpt>
			<trkpt lat="55.677470" lon="37.830307"><time>1970-01-01T00:00:01.000Z</time></trkpt>
			<trkpt lat="55.676869" lon="37.831230"><time>1970-01-01T00:00:01.000Z</time></trkpt>
			<trkpt lat="55.676182" lon="37.830393"><time>1970-01-01T00:00:01.000Z</time></trkpt>
			<trkpt lat="55.675281" lon="37.830565"><time>1970-01-01T00:00:01.000Z</time></trkpt>
			<trkpt lat="55.674551" lon="37.830114"><time>1970-01-01T00:00:01.000Z</time></trkpt>
			<trkpt lat="55.673994" lon="37.830200"><time>1970-01-01T00:00:01.000Z</time></trkpt>
			<trkpt lat="55.673414" lon="37.829106"><time>1970-01-01T00:00:01.000Z</time></trkpt>
			<trkpt lat="55.672513" lon="37.828526"><time>1970-01-01T00:00:01.000Z</time></trkpt>
			<trkpt lat="55.672427" lon="37.826788"><time>1970-01-01T00:00:01.000Z</time></trkpt>
			<trkpt lat="55.670002" lon="37.826917"><time>1970-01-01T00:00:01.000Z</time></trkpt>
			<trkpt lat="55.670346" lon="37.823655"><time>1970-01-01T00:00:01.000Z</time></trkpt>
			<trkpt lat="55.670582" lon="37.820694"><time>1970-01-01T00:00:01.000Z</time></trkpt>
			<trkpt lat="55.671612" lon="37.818892"><time>1970-01-01T00:00:01.000Z</time></trkpt>
			<trkpt lat="55.672170" lon="37.817068"><time>1970-01-01T00:00:01.000Z</time></trkpt>
			<trkpt lat="55.672599" lon="37.815437"><time>1970-01-01T00:00:01.000Z</time></trkpt>
			<trkpt lat="55.672749" lon="37.813871"><time>1970-01-01T00:00:01.000Z</time></trkpt>
			<trkpt lat="55.672835" lon="37.812111"><time>1970-01-01T00:00:01.000Z</time></trkpt>
			<trkpt lat="55.672749" lon="37.807820"><time>1970-01-01T00:00:01.000Z</time></trkpt>
			<trkpt lat="55.672770" lon="37.807176"><time>1970-01-01T00:00:01.000Z</time></trkpt>
			<trkpt lat="55.672964" lon="37.805824"><time>1970-01-01T00:00:01.000Z</time></trkpt>
			<trkpt lat="55.674058" lon="37.799816"><time>1970-01-01T00:00:01.000Z</time></trkpt>
			<trkpt lat="55.674702" lon="37.798593"><time>1970-01-01T00:00:01.000Z</time></trkpt>
			<trkpt lat="55.674530" lon="37.798271"><time>1970-01-01T00:00:01.000Z</time></trkpt>
			<trkpt lat="55.673307" lon="37.796748"><time>1970-01-01T00:00:01.000Z</time></trkpt>
			<trkpt lat="55.672942" lon="37.797091"><time>1970-01-01T00:00:01.000Z</time></trkpt>
			<trkpt lat="55.672749" lon="37.797134"><time>1970-01-01T00:00:01.000Z</time></trkpt>
			<trkpt lat="55.671504" lon="37.796190"><time>1970-01-01T00:00:01.000Z</time></trkpt>
			<trkpt lat="55.670174" lon="37.795117"><time>1970-01-01T00:00:01.000Z</time></trkpt>
			<trkpt lat="55.669788" lon="37.794859"><time>1970-01-01T00:00:01.000Z</time></trkpt>
			<trkpt lat="55.669723" lon="37.794258"><time>1970-01-01T00:00:01.000Z</time></trkpt>
			<trkpt lat="55.667020" lon="37.791791"><time>1970-01-01T00:00:01.000Z</time></trkpt>
			<trkpt lat="55.667084" lon="37.791040"><time>1970-01-01T00:00:01.000Z</time></trkpt>
			<trkpt lat="55.666355" lon="37.790761"><time>1970-01-01T00:00:01.000Z</time></trkpt>
			<trkpt lat="55.665539" lon="37.789130"><time>1970-01-01T00:00:01.000Z</time></trkpt>
			<trkpt lat="55.664810" lon="37.787049"><time>1970-01-01T00:00:01.000Z</time></trkpt>
			<trkpt lat="55.664574" lon="37.786898"><time>1970-01-01T00:00:01.000Z</time></trkpt>
			<trkpt lat="55.664509" lon="37.786598"><time>1970-01-01T00:00:01.000Z</time></trkpt>
			<trkpt lat="55.664574" lon="37.786105"><time>1970-01-01T00:00:01.000Z</time></trkpt>
			<trkpt lat="55.664951" lon="37.785689"><time>1970-01-01T00:00:01.000Z</time></trkpt>
			<trkpt lat="55.664201" lon="37.783785"><time>1970-01-01T00:00:01.000Z</time></trkpt>
			<trkpt lat="55.663765" lon="37.782986"><time>1970-01-01T00:00:01.000Z</time></trkpt>
			<trkpt lat="55.663157" lon="37.782106"><time>1970-01-01T00:00:01.000Z</time></trkpt>
			<trkpt lat="55.662534" lon="37.781425"><time>1970-01-01T00:00:01.000Z</time></trkpt>
			<trkpt lat="55.662074" lon="37.781033"><time>1970-01-01T00:00:01.000Z</time></trkpt>
			<trkpt lat="55.661655" lon="37.780783"><time>1970-01-01T00:00:01.000Z</time></trkpt>
			<trkpt lat="55.659896" lon="37.779517"><time>1970-01-01T00:00:01.000Z</time></trkpt>
			<trkpt lat="55.659789" lon="37.779646"><time>1970-01-01T00:00:01.000Z</time></trkpt>
			<trkpt lat="55.659789" lon="37.779745"><time>1970-01-01T00:00:01.000Z</time></trkpt>
			<trkpt lat="55.659002" lon="37.779922"><time>1970-01-01T00:00:01.000Z</time></trkpt>
			<trkpt lat="55.658648" lon="37.779922"><time>1970-01-01T00:00:01.000Z</time></trkpt>
			<trkpt lat="55.657662" lon="37.779311"><time>1970-01-01T00:00:01.000Z</time></trkpt>
			<trkpt lat="55.656076" lon="37.779152"><time>1970-01-01T00:00:01.000Z</time></trkpt>
			<trkpt lat="55.655004" lon="37.779345"><time>1970-01-01T00:00:01.000Z</time></trkpt>
			<trkpt lat="55.653287" lon="37.778830"><time>1970-01-01T00:00:01.000Z</time></trkpt>
			<trkpt lat="55.653300" lon="37.778399"><time>1970-01-01T00:00:01.000Z</time></trkpt>
			<trkpt lat="55.653195" lon="37.778308"><time>1970-01-01T00:00:01.000Z</time></trkpt>
			<trkpt lat="55.653167" lon="37.778168"><time>1970-01-01T00:00:01.000Z</time></trkpt>
			<trkpt lat="55.652952" lon="37.777932"><time>1970-01-01T00:00:01.000Z</time></trkpt>
			<trkpt lat="55.652553" lon="37.776913"><time>1970-01-01T00:00:01.000Z</time></trkpt>
			<trkpt lat="55.651978" lon="37.775891"><time>1970-01-01T00:00:01.000Z</time></trkpt>
			<trkpt lat="55.651905" lon="37.775674"><time>1970-01-01T00:00:01.000Z</time></trkpt>
			<trkpt lat="55.651972" lon="37.775427"><time>1970-01-01T00:00:01.000Z</time></trkpt>
			<trkpt lat="55.651902" lon="37.775207"><time>1970-01-01T00:00:01.000Z</time></trkpt>
			<trkpt lat="55.651739" lon="37.775175"><time>1970-01-01T00:00:01.000Z</time></trkpt>
			<trkpt lat="55.650798" lon="37.773080"><time>1970-01-01T00:00:01.000Z</time></trkpt>
			<trkpt lat="55.650669" lon="37.772393"><time>1970-01-01T00:00:01.000Z</time></trkpt>
			<trkpt lat="55.650540" lon="37.772007"><time>1970-01-01T00:00:01.000Z</time></trkpt>
			<trkpt lat="55.649854" lon="37.772307"><time>1970-01-01T00:00:01.000Z</time></trkpt>
			<trkpt lat="55.649274" lon="37.771964"><time>1970-01-01T00:00:01.000Z</time></trkpt>
			<trkpt lat="55.648952" lon="37.771299"><time>1970-01-01T00:00:01.000Z</time></trkpt>
			<trkpt lat="55.648695" lon="37.770376"><time>1970-01-01T00:00:01.000Z</time></trkpt>
			<trkpt lat="55.648137" lon="37.770505"><time>1970-01-01T00:00:01.000Z</time></trkpt>
			<trkpt lat="55.648051" lon="37.767329"><time>1970-01-01T00:00:01.000Z</time></trkpt>
			<trkpt lat="55.647901" lon="37.766728"><time>1970-01-01T00:00:01.000Z</time></trkpt>
			<trkpt lat="55.647665" lon="37.766192"><time>1970-01-01T00:00:01.000Z</time></trkpt>
			<trkpt lat="55.647536" lon="37.765505"><time>1970-01-01T00:00:01.000Z</time></trkpt>
			<trkpt lat="55.646978" lon="37.764969"><time>1970-01-01T00:00:01.000Z</time></trkpt>
			<trkpt lat="55.646614" lon="37.763338"><time>1970-01-01T00:00:01.000Z</time></trkpt>
			<trkpt lat="55.646163" lon="37.762995"><time>1970-01-01T00:00:01.000Z</time></trkpt>
			<trkpt lat="55.646099" lon="37.761385"><time>1970-01-01T00:00:01.000Z</time></trkpt>
			<trkpt lat="55.646034" lon="37.760956"><time>1970-01-01T00:00:01.000Z</time></trkpt>
			<trkpt lat="55.645841" lon="37.760613"><time>1970-01-01T00:00:01.000Z</time></trkpt>
			<trkpt lat="55.645390" lon="37.760033"><time>1970-01-01T00:00:01.000Z</time></trkpt>
			<trkpt lat="55.645133" lon="37.759411"><time>1970-01-01T00:00:01.000Z</time></trkpt>
			<trkpt lat="55.644790" lon="37.757716"><time>1970-01-01T00:00:01.000Z</time></trkpt>
			<trkpt lat="55.644511" lon="37.757137"><time>1970-01-01T00:00:01.000Z</time></trkpt>
			<trkpt lat="55.644017" lon="37.755012"><time>1970-01-01T00:00:01.000Z</time></trkpt>
			<trkpt lat="55.643695" lon="37.753854"><time>1970-01-01T00:00:01.000Z</time></trkpt>
			<trkpt lat="55.643588" lon="37.753682"><time>1970-01-01T00:00:01.000Z</time></trkpt>
			<trkpt lat="55.643202" lon="37.753811"><time>1970-01-01T00:00:01.000Z</time></trkpt>
			<trkpt lat="55.643030" lon="37.753596"><time>1970-01-01T00:00:01.000Z</time></trkpt>
			<trkpt lat="55.642365" lon="37.751365"><time>1970-01-01T00:00:01.000Z</time></trkpt>
			<trkpt lat="55.642494" lon="37.750721"><time>1970-01-01T00:00:01.000Z</time></trkpt>
			<trkpt lat="55.642322" lon="37.749948"><time>1970-01-01T00:00:01.000Z</time></trkpt>
			<trkpt lat="55.642301" lon="37.748296"><time>1970-01-01T00:00:01.000Z</time></trkpt>
			<trkpt lat="55.642150" lon="37.747781"><time>1970-01-01T00:00:01.000Z</time></trkpt>
			<trkpt lat="55.641807" lon="37.747588"><time>1970-01-01T00:00:01.000Z</time></trkpt>
			<trkpt lat="55.641314" lon="37.747738"><time>1970-01-01T00:00:01.000Z</time></trkpt>
			<trkpt lat="55.641142" lon="37.746858"><time>1970-01-01T00:00:01.000Z</time></trkpt>
			<trkpt lat="55.641550" lon="37.746730"><time>1970-01-01T00:00:01.000Z</time></trkpt>
			<trkpt lat="55.641743" lon="37.745764"><time>1970-01-01T00:00:01.000Z</time></trkpt>
			<trkpt lat="55.642751" lon="37.745399"><time>1970-01-01T00:00:01.000Z</time></trkpt>
			<trkpt lat="55.642816" lon="37.745163"><time>1970-01-01T00:00:01.000Z</time></trkpt>
			<trkpt lat="55.643567" lon="37.744906"><time>1970-01-01T00:00:01.000Z</time></trkpt>
			<trkpt lat="55.643631" lon="37.745206"><time>1970-01-01T00:00:01.000Z</time></trkpt>
			<trkpt lat="55.644983" lon="37.744777"><time>1970-01-01T00:00:01.000Z</time></trkpt>
			<trkpt lat="55.645798" lon="37.744734"><time>1970-01-01T00:00:01.000Z</time></trkpt>
			<trkpt lat="55.647365" lon="37.744198"><time>1970-01-01T00:00:01.000Z</time></trkpt>
			<trkpt lat="55.647398" lon="37.744625"><time>1970-01-01T00:00:01.000Z</time></trkpt>
			<trkpt lat="55.636207" lon="37.748918"><time>1970-01-01T00:00:01.000Z</time></trkpt>
			<trkpt lat="55.636185" lon="37.748339"><time>1970-01-01T00:00:01.000Z</time></trkpt>
			<trkpt lat="55.638031" lon="37.747609"><time>1970-01-01T00:00:01.000Z</time></trkpt>
			<trkpt lat="55.638309" lon="37.747996"><time>1970-01-01T00:00:01.000Z</time></trkpt>
			<trkpt lat="55.638921" lon="37.747774"><time>1970-01-01T00:00:01.000Z</time></trkpt>
			<trkpt lat="55.639168" lon="37.749026"><time>1970-01-01T00:00:01.000Z</time></trkpt>
			<trkpt lat="55.639404" lon="37.749669"><time>1970-01-01T00:00:01.000Z</time></trkpt>
			<trkpt lat="55.640627" lon="37.753939"><time>1970-01-01T00:00:01.000Z</time></trkpt>
			<trkpt lat="55.641571" lon="37.757051"><time>1970-01-01T00:00:01.000Z</time></trkpt>
			<trkpt lat="55.642558" lon="37.760784"><time>1970-01-01T00:00:01.000Z</time></trkpt>
			<trkpt lat="55.643502" lon="37.763960"><time>1970-01-01T00:00:01.000Z</time></trkpt>
			<trkpt lat="55.644554" lon="37.767715"><time>1970-01-01T00:00:01.000Z</time></trkpt>
			<trkpt lat="55.644918" lon="37.769346"><time>1970-01-01T00:00:01.000Z</time></trkpt>
			<trkpt lat="55.645090" lon="37.773208"><time>1970-01-01T00:00:01.000Z</time></trkpt>
			<trkpt lat="55.644876" lon="37.773681"><time>1970-01-01T00:00:01.000Z</time></trkpt>
			<trkpt lat="55.645219" lon="37.775783"><time>1970-01-01T00:00:01.000Z</time></trkpt>
			<trkpt lat="55.645584" lon="37.776685"><time>1970-01-01T00:00:01.000Z</time></trkpt>
			<trkpt lat="55.645798" lon="37.778144"><time>1970-01-01T00:00:01.000Z</time></trkpt>
			<trkpt lat="55.646292" lon="37.779045"><time>1970-01-01T00:00:01.000Z</time></trkpt>
			<trkpt lat="55.646592" lon="37.780139"><time>1970-01-01T00:00:01.000Z</time></trkpt>
			<trkpt lat="55.646270" lon="37.781319"><time>1970-01-01T00:00:01.000Z</time></trkpt>
			<trkpt lat="55.645777" lon="37.780826"><time>1970-01-01T00:00:01.000Z</time></trkpt>
			<trkpt lat="55.644489" lon="37.780268"><time>1970-01-01T00:00:01.000Z</time></trkpt>
			<trkpt lat="55.644039" lon="37.780611"><time>1970-01-01T00:00:01.000Z</time></trkpt>
			<trkpt lat="55.643695" lon="37.781641"><time>1970-01-01T00:00:01.000Z</time></trkpt>
			<trkpt lat="55.643459" lon="37.781470"><time>1970-01-01T00:00:01.000Z</time></trkpt>
			<trkpt lat="55.643116" lon="37.780847"><time>1970-01-01T00:00:01.000Z</time></trkpt>
			<trkpt lat="55.641056" lon="37.781727"><time>1970-01-01T00:00:01.000Z</time></trkpt>
			<trkpt lat="55.639339" lon="37.781834"><time>1970-01-01T00:00:01.000Z</time></trkpt>
			<trkpt lat="55.639018" lon="37.782135"><time>1970-01-01T00:00:01.000Z</time></trkpt>
			<trkpt lat="55.638031" lon="37.781985"><time>1970-01-01T00:00:01.000Z</time></trkpt>
			<trkpt lat="55.637451" lon="37.782156"><time>1970-01-01T00:00:01.000Z</time></trkpt>
			<trkpt lat="55.637086" lon="37.781920"><time>1970-01-01T00:00:01.000Z</time></trkpt>
			<trkpt lat="55.636829" lon="37.781470"><time>1970-01-01T00:00:01.000Z</time></trkpt>
			<trkpt lat="55.635971" lon="37.781427"><time>1970-01-01T00:00:01.000Z</time></trkpt>
			<trkpt lat="55.635735" lon="37.781813"><time>1970-01-01T00:00:01.000Z</time></trkpt>
			<trkpt lat="55.635155" lon="37.781834"><time>1970-01-01T00:00:01.000Z</time></trkpt>
			<trkpt lat="55.634984" lon="37.781319"><time>1970-01-01T00:00:01.000Z</time></trkpt>
			<trkpt lat="55.635005" lon="37.780440"><time>1970-01-01T00:00:01.000Z</time></trkpt>
			<trkpt lat="55.634640" lon="37.780955"><time>1970-01-01T00:00:01.000Z</time></trkpt>
			<trkpt lat="55.633675" lon="37.780998"><time>1970-01-01T00:00:01.000Z</time></trkpt>
			<trkpt lat="55.633439" lon="37.781277"><time>1970-01-01T00:00:01.000Z</time></trkpt>
			<trkpt lat="55.630713" lon="37.781255"><time>1970-01-01T00:00:01.000Z</time></trkpt>
			<trkpt lat="55.630070" lon="37.781834"><time>1970-01-01T00:00:01.000Z</time></trkpt>
			<trkpt lat="55.627452" lon="37.785203"><time>1970-01-01T00:00:01.000Z</time></trkpt>
			<trkpt lat="55.627838" lon="37.785418"><time>1970-01-01T00:00:01.000Z</time></trkpt>
			<trkpt lat="55.630713" lon="37.783959"><time>1970-01-01T00:00:01.000Z</time></trkpt>
			<trkpt lat="55.631121" lon="37.783358"><time>1970-01-01T00:00:01.000Z</time></trkpt>
			<trkpt lat="55.631164" lon="37.782650"><time>1970-01-01T00:00:01.000Z</time></trkpt>
			<trkpt lat="55.630992" lon="37.781834"><time>1970-01-01T00:00:01.000Z</time></trkpt>
			<trkpt lat="55.630499" lon="37.781448"><time>1970-01-01T00:00:01.000Z</time></trkpt>
			<trkpt lat="55.630885" lon="37.780461"><time>1970-01-01T00:00:01.000Z</time></trkpt>
			<trkpt lat="55.631829" lon="37.777178"><time>1970-01-01T00:00:01.000Z</time></trkpt>
			<trkpt lat="55.631958" lon="37.775934"><time>1970-01-01T00:00:01.000Z</time></trkpt>
			<trkpt lat="55.631443" lon="37.774796"><time>1970-01-01T00:00:01.000Z</time></trkpt>
			<trkpt lat="55.631014" lon="37.774711"><time>1970-01-01T00:00:01.000Z</time></trkpt>
			<trkpt lat="55.630756" lon="37.774367"><time>1970-01-01T00:00:01.000Z</time></trkpt>
			<trkpt lat="55.630628" lon="37.773723"><time>1970-01-01T00:00:01.000Z</time></trkpt>
			<trkpt lat="55.630606" lon="37.773058"><time>1970-01-01T00:00:01.000Z</time></trkpt>
			<trkpt lat="55.630713" lon="37.772543"><time>1970-01-01T00:00:01.000Z</time></trkpt>
			<trkpt lat="55.630692" lon="37.771878"><time>1970-01-01T00:00:01.000Z</time></trkpt>
			<trkpt lat="55.630864" lon="37.771127"><time>1970-01-01T00:00:01.000Z</time></trkpt>
			<trkpt lat="55.630628" lon="37.769818"><time>1970-01-01T00:00:01.000Z</time></trkpt>
			<trkpt lat="55.630542" lon="37.768788"><time>1970-01-01T00:00:01.000Z</time></trkpt>
			<trkpt lat="55.630070" lon="37.767608"><time>1970-01-01T00:00:01.000Z</time></trkpt>
			<trkpt lat="55.630241" lon="37.766600"><time>1970-01-01T00:00:01.000Z</time></trkpt>
			<trkpt lat="55.630156" lon="37.765527"><time>1970-01-01T00:00:01.000Z</time></trkpt>
			<trkpt lat="55.629984" lon="37.765012"><time>1970-01-01T00:00:01.000Z</time></trkpt>
			<trkpt lat="55.629705" lon="37.764604"><time>1970-01-01T00:00:01.000Z</time></trkpt>
			<trkpt lat="55.629254" lon="37.762823"><time>1970-01-01T00:00:01.000Z</time></trkpt>
			<trkpt lat="55.628696" lon="37.761407"><time>1970-01-01T00:00:01.000Z</time></trkpt>
			<trkpt lat="55.628568" lon="37.760827"><time>1970-01-01T00:00:01.000Z</time></trkpt>
			<trkpt lat="55.628224" lon="37.760591"><time>1970-01-01T00:00:01.000Z</time></trkpt>
			<trkpt lat="55.628074" lon="37.760012"><time>1970-01-01T00:00:01.000Z</time></trkpt>
			<trkpt lat="55.628611" lon="37.759712"><time>1970-01-01T00:00:01.000Z</time></trkpt>
			<trkpt lat="55.628932" lon="37.759347"><time>1970-01-01T00:00:01.000Z</time></trkpt>
			<trkpt lat="55.629705" lon="37.758016"><time>1970-01-01T00:00:01.000Z</time></trkpt>
			<trkpt lat="55.630156" lon="37.757394"><time>1970-01-01T00:00:01.000Z</time></trkpt>
			<trkpt lat="55.630306" lon="37.756879"><time>1970-01-01T00:00:01.000Z</time></trkpt>
			<trkpt lat="55.630392" lon="37.756021"><time>1970-01-01T00:00:01.000Z</time></trkpt>
			<trkpt lat="55.630306" lon="37.755613"><time>1970-01-01T00:00:01.000Z</time></trkpt>
			<trkpt lat="55.629920" lon="37.754969"><time>1970-01-01T00:00:01.000Z</time></trkpt>
			<trkpt lat="55.629748" lon="37.754540"><time>1970-01-01T00:00:01.000Z</time></trkpt>
			<trkpt lat="55.629769" lon="37.754261"><time>1970-01-01T00:00:01.000Z</time></trkpt>
			<trkpt lat="55.629877" lon="37.754004"><time>1970-01-01T00:00:01.000Z</time></trkpt>
			<trkpt lat="55.630113" lon="37.752759"><time>1970-01-01T00:00:01.000Z</time></trkpt>
			<trkpt lat="55.630885" lon="37.752373"><time>1970-01-01T00:00:01.000Z</time></trkpt>
			<trkpt lat="55.630671" lon="37.750270"><time>1970-01-01T00:00:01.000Z</time></trkpt>
			<trkpt lat="55.630778" lon="37.749884"><time>1970-01-01T00:00:01.000Z</time></trkpt>
			<trkpt lat="55.630713" lon="37.749648"><time>1970-01-01T00:00:01.000Z</time></trkpt>
			<trkpt lat="55.630671" lon="37.747652"><time>1970-01-01T00:00:01.000Z</time></trkpt>
			<trkpt lat="55.630692" lon="37.747459"><time>1970-01-01T00:00:01.000Z</time></trkpt>
			<trkpt lat="55.630649" lon="37.745850"><time>1970-01-01T00:00:01.000Z</time></trkpt>
			<trkpt lat="55.630713" lon="37.745378"><time>1970-01-01T00:00:01.000Z</time></trkpt>
			<trkpt lat="55.630628" lon="37.744841"><time>1970-01-01T00:00:01.000Z</time></trkpt>
			<trkpt lat="55.630563" lon="37.742910"><time>1970-01-01T00:00:01.000Z</time></trkpt>
			<trkpt lat="55.630821" lon="37.742696"><time>1970-01-01T00:00:01.000Z</time></trkpt>
			<trkpt lat="55.630971" lon="37.742309"><time>1970-01-01T00:00:01.000Z</time></trkpt>
			<trkpt lat="55.630907" lon="37.741494"><time>1970-01-01T00:00:01.000Z</time></trkpt>
			<trkpt lat="55.631078" lon="37.741086"><time>1970-01-01T00:00:01.000Z</time></trkpt>
			<trkpt lat="55.631228" lon="37.740550"><time>1970-01-01T00:00:01.000Z</time></trkpt>
			<trkpt lat="55.631250" lon="37.740099"><time>1970-01-01T00:00:01.000Z</time></trkpt>
			<trkpt lat="55.631143" lon="37.739305"><time>1970-01-01T00:00:01.000Z</time></trkpt>
			<trkpt lat="55.630949" lon="37.738705"><time>1970-01-01T00:00:01.000Z</time></trkpt>
			<trkpt lat="55.630799" lon="37.737503"><time>1970-01-01T00:00:01.000Z</time></trkpt>
			<trkpt lat="55.630477" lon="37.737267"><time>1970-01-01T00:00:01.000Z</time></trkpt>
			<trkpt lat="55.630284" lon="37.737203"><time>1970-01-01T00:00:01.000Z</time></trkpt>
			<trkpt lat="55.630284" lon="37.736001"><time>1970-01-01T00:00:01.000Z</time></trkpt>
			<trkpt lat="55.630434" lon="37.735829"><time>1970-01-01T00:00:01.000Z</time></trkpt>
			<trkpt lat="55.630606" lon="37.735722"><time>1970-01-01T00:00:01.000Z</time></trkpt>
			<trkpt lat="55.630628" lon="37.735422"><time>1970-01-01T00:00:01.000Z</time></trkpt>
			<trkpt lat="55.630606" lon="37.735057"><time>1970-01-01T00:00:01.000Z</time></trkpt>
			<trkpt lat="55.630456" lon="37.734606"><time>1970-01-01T00:00:01.000Z</time></trkpt>
			<trkpt lat="55.630456" lon="37.734005"><time>1970-01-01T00:00:01.000Z</time></trkpt>
			<trkpt lat="55.630349" lon="37.733662"><time>1970-01-01T00:00:01.000Z</time></trkpt>
			<trkpt lat="55.630413" lon="37.732932"><time>1970-01-01T00:00:01.000Z</time></trkpt>
			<trkpt lat="55.630241" lon="37.732653"><time>1970-01-01T00:00:01.000Z</time></trkpt>
			<trkpt lat="55.630263" lon="37.732074"><time>1970-01-01T00:00:01.000Z</time></trkpt>
			<trkpt lat="55.630220" lon="37.730207"><time>1970-01-01T00:00:01.000Z</time></trkpt>
			<trkpt lat="55.630070" lon="37.729821"><time>1970-01-01T00:00:01.000Z</time></trkpt>
			<trkpt lat="55.629533" lon="37.729585"><time>1970-01-01T00:00:01.000Z</time></trkpt>
			<trkpt lat="55.629555" lon="37.729263"><time>1970-01-01T00:00:01.000Z</time></trkpt>
			<trkpt lat="55.629490" lon="37.729027"><time>1970-01-01T00:00:01.000Z</time></trkpt>
			<trkpt lat="55.628868" lon="37.728383"><time>1970-01-01T00:00:01.000Z</time></trkpt>
			<trkpt lat="55.628954" lon="37.727911"><time>1970-01-01T00:00:01.000Z</time></trkpt>
			<trkpt lat="55.629297" lon="37.727246"><time>1970-01-01T00:00:01.000Z</time></trkpt>
			<trkpt lat="55.629555" lon="37.727032"><time>1970-01-01T00:00:01.000Z</time></trkpt>
			<trkpt lat="55.629683" lon="37.725873"><time>1970-01-01T00:00:01.000Z</time></trkpt>
			<trkpt lat="55.629576" lon="37.725165"><time>1970-01-01T00:00:01.000Z</time></trkpt>
			<trkpt lat="55.629319" lon="37.724349"><time>1970-01-01T00:00:01.000Z</time></trkpt>
			<trkpt lat="55.629297" lon="37.723727"><time>1970-01-01T00:00:01.000Z</time></trkpt>
			<trkpt lat="55.629383" lon="37.723727"><time>1970-01-01T00:00:01.000Z</time></trkpt>
			<trkpt lat="55.629662" lon="37.722440"><time>1970-01-01T00:00:01.000Z</time></trkpt>
			<trkpt lat="55.629598" lon="37.722182"><time>1970-01-01T00:00:01.000Z</time></trkpt>
			<trkpt lat="55.629211" lon="37.721860"><time>1970-01-01T00:00:01.000Z</time></trkpt>
			<trkpt lat="55.629190" lon="37.721646"><time>1970-01-01T00:00:01.000Z</time></trkpt>
			<trkpt lat="55.629469" lon="37.719693"><time>1970-01-01T00:00:01.000Z</time></trkpt>
			<trkpt lat="55.629469" lon="37.719500"><time>1970-01-01T00:00:01.000Z</time></trkpt>
			<trkpt lat="55.629277" lon="37.719111"><time>1970-01-01T00:00:01.000Z</time></trkpt>
			<trkpt lat="55.629192" lon="37.718779"><time>1970-01-01T00:00:01.000Z</time></trkpt>
			<trkpt lat="55.629211" lon="37.718620"><time>1970-01-01T00:00:01.000Z</time></trkpt>
			<trkpt lat="55.629533" lon="37.718427"><time>1970-01-01T00:00:01.000Z</time></trkpt>
			<trkpt lat="55.629812" lon="37.718470"><time>1970-01-01T00:00:01.000Z</time></trkpt>
			<trkpt lat="55.629941" lon="37.718406"><time>1970-01-01T00:00:01.000Z</time></trkpt>
			<trkpt lat="55.630113" lon="37.717869"><time>1970-01-01T00:00:01.000Z</time></trkpt>
			<trkpt lat="55.630263" lon="37.717676"><time>1970-01-01T00:00:01.000Z</time></trkpt>
			<trkpt lat="55.630456" lon="37.717140"><time>1970-01-01T00:00:01.000Z</time></trkpt>
			<trkpt lat="55.630198" lon="37.716389"><time>1970-01-01T00:00:01.000Z</time></trkpt>
			<trkpt lat="55.629834" lon="37.715874"><time>1970-01-01T00:00:01.000Z</time></trkpt>
			<trkpt lat="55.629641" lon="37.715058"><time>1970-01-01T00:00:01.000Z</time></trkpt>
			<trkpt lat="55.629276" lon="37.714522"><time>1970-01-01T00:00:01.000Z</time></trkpt>
			<trkpt lat="55.629147" lon="37.713814"><time>1970-01-01T00:00:01.000Z</time></trkpt>
			<trkpt lat="55.628804" lon="37.713299"><time>1970-01-01T00:00:01.000Z</time></trkpt>
			<trkpt lat="55.628568" lon="37.712290"><time>1970-01-01T00:00:01.000Z</time></trkpt>
			<trkpt lat="55.628568" lon="37.711925"><time>1970-01-01T00:00:01.000Z</time></trkpt>
			<trkpt lat="55.628675" lon="37.711131"><time>1970-01-01T00:00:01.000Z</time></trkpt>
			<trkpt lat="55.628804" lon="37.710767"><time>1970-01-01T00:00:01.000Z</time></trkpt>
			<trkpt lat="55.628975" lon="37.710659"><time>1970-01-01T00:00:01.000Z</time></trkpt>
			<trkpt lat="55.628975" lon="37.710230"><time>1970-01-01T00:00:01.000Z</time></trkpt>
			<trkpt lat="55.629147" lon="37.709651"><time>1970-01-01T00:00:01.000Z</time></trkpt>
			<trkpt lat="55.629083" lon="37.709350"><time>1970-01-01T00:00:01.000Z</time></trkpt>
			<trkpt lat="55.629126" lon="37.708599"><time>1970-01-01T00:00:01.000Z</time></trkpt>
			<trkpt lat="55.629490" lon="37.707913"><time>1970-01-01T00:00:01.000Z</time></trkpt>
			<trkpt lat="55.629490" lon="37.707527"><time>1970-01-01T00:00:01.000Z</time></trkpt>
			<trkpt lat="55.629061" lon="37.706582"><time>1970-01-01T00:00:01.000Z</time></trkpt>
			<trkpt lat="55.628890" lon="37.706389"><time>1970-01-01T00:00:01.000Z</time></trkpt>
			<trkpt lat="55.628718" lon="37.706025"><time>1970-01-01T00:00:01.000Z</time></trkpt>
			<trkpt lat="55.628353" lon="37.705617"><time>1970-01-01T00:00:01.000Z</time></trkpt>
			<trkpt lat="55.628160" lon="37.705960"><time>1970-01-01T00:00:01.000Z</time></trkpt>
			<trkpt lat="55.628139" lon="37.706776"><time>1970-01-01T00:00:01.000Z</time></trkpt>
			<trkpt lat="55.627538" lon="37.707355"><time>1970-01-01T00:00:01.000Z</time></trkpt>
			<trkpt lat="55.627388" lon="37.708557"><time>1970-01-01T00:00:01.000Z</time></trkpt>
			<trkpt lat="55.626636" lon="37.708943"><time>1970-01-01T00:00:01.000Z</time></trkpt>
			<trkpt lat="55.626486" lon="37.708127"><time>1970-01-01T00:00:01.000Z</time></trkpt>
			<trkpt lat="55.626315" lon="37.707913"><time>1970-01-01T00:00:01.000Z</time></trkpt>
			<trkpt lat="55.624834" lon="37.698707"><time>1970-01-01T00:00:01.000Z</time></trkpt>
			<trkpt lat="55.624362" lon="37.697377"><time>1970-01-01T00:00:01.000Z</time></trkpt>
			<trkpt lat="55.623954" lon="37.696519"><time>1970-01-01T00:00:01.000Z</time></trkpt>
			<trkpt lat="55.623375" lon="37.695918"><time>1970-01-01T00:00:01.000Z</time></trkpt>
			<trkpt lat="55.622688" lon="37.695532"><time>1970-01-01T00:00:01.000Z</time></trkpt>
			<trkpt lat="55.622152" lon="37.695382"><time>1970-01-01T00:00:01.000Z</time></trkpt>
			<trkpt lat="55.621594" lon="37.694309"><time>1970-01-01T00:00:01.000Z</time></trkpt>
			<trkpt lat="55.621615" lon="37.693729"><time>1970-01-01T00:00:01.000Z</time></trkpt>
			<trkpt lat="55.619942" lon="37.693686"><time>1970-01-01T00:00:01.000Z</time></trkpt>
			<trkpt lat="55.617796" lon="37.694051"><time>1970-01-01T00:00:01.000Z</time></trkpt>
			<trkpt lat="55.617281" lon="37.694094"><time>1970-01-01T00:00:01.000Z</time></trkpt>
			<trkpt lat="55.612818" lon="37.695038"><time>1970-01-01T00:00:01.000Z</time></trkpt>
			<trkpt lat="55.610844" lon="37.696047"><time>1970-01-01T00:00:01.000Z</time></trkpt>
			<trkpt lat="55.609728" lon="37.697120"><time>1970-01-01T00:00:01.000Z</time></trkpt>
			<trkpt lat="55.608912" lon="37.698085"><time>1970-01-01T00:00:01.000Z</time></trkpt>
			<trkpt lat="55.608784" lon="37.697785"><time>1970-01-01T00:00:01.000Z</time></trkpt>
			<trkpt lat="55.607861" lon="37.696197"><time>1970-01-01T00:00:01.000Z</time></trkpt>
			<trkpt lat="55.607330" lon="37.696742"><time>1970-01-01T00:00:01.000Z</time></trkpt>
			<trkpt lat="55.607172" lon="37.696758"><time>1970-01-01T00:00:01.000Z</time></trkpt>
			<trkpt lat="55.607002" lon="37.696672"><time>1970-01-01T00:00:01.000Z</time></trkpt>
			<trkpt lat="55.606866" lon="37.696318"><time>1970-01-01T00:00:01.000Z</time></trkpt>
			<trkpt lat="55.606821" lon="37.696543"><time>1970-01-01T00:00:01.000Z</time></trkpt>
			<trkpt lat="55.606639" lon="37.695846"><time>1970-01-01T00:00:01.000Z</time></trkpt>
			<trkpt lat="55.606290" lon="37.695240"><time>1970-01-01T00:00:01.000Z</time></trkpt>
			<trkpt lat="55.606081" lon="37.695154"><time>1970-01-01T00:00:01.000Z</time></trkpt>
			<trkpt lat="55.605887" lon="37.694752"><time>1970-01-01T00:00:01.000Z</time></trkpt>
			<trkpt lat="55.605780" lon="37.694759"><time>1970-01-01T00:00:01.000Z</time></trkpt>
			<trkpt lat="55.605372" lon="37.695188"><time>1970-01-01T00:00:01.000Z</time></trkpt>
			<trkpt lat="55.604750" lon="37.696025"><time>1970-01-01T00:00:01.000Z</time></trkpt>
			<trkpt lat="55.604557" lon="37.696540"><time>1970-01-01T00:00:01.000Z</time></trkpt>
			<trkpt lat="55.604042" lon="37.697055"><time>1970-01-01T00:00:01.000Z</time></trkpt>
			<trkpt lat="55.603548" lon="37.697184"><time>1970-01-01T00:00:01.000Z</time></trkpt>
			<trkpt lat="55.603012" lon="37.697441"><time>1970-01-01T00:00:01.000Z</time></trkpt>
			<trkpt lat="55.602797" lon="37.697849"><time>1970-01-01T00:00:01.000Z</time></trkpt>
			<trkpt lat="55.602561" lon="37.699051"><time>1970-01-01T00:00:01.000Z</time></trkpt>
			<trkpt lat="55.602604" lon="37.699888"><time>1970-01-01T00:00:01.000Z</time></trkpt>
			<trkpt lat="55.602540" lon="37.700617"><time>1970-01-01T00:00:01.000Z</time></trkpt>
			<trkpt lat="55.602368" lon="37.700553"><time>1970-01-01T00:00:01.000Z</time></trkpt>
			<trkpt lat="55.602218" lon="37.700338"><time>1970-01-01T00:00:01.000Z</time></trkpt>
			<trkpt lat="55.601853" lon="37.699480"><time>1970-01-01T00:00:01.000Z</time></trkpt>
			<trkpt lat="55.601531" lon="37.699437"><time>1970-01-01T00:00:01.000Z</time></trkpt>
			<trkpt lat="55.601016" lon="37.699845"><time>1970-01-01T00:00:01.000Z</time></trkpt>
			<trkpt lat="55.599900" lon="37.701218"><time>1970-01-01T00:00:01.000Z</time></trkpt>
			<trkpt lat="55.599557" lon="37.701411"><time>1970-01-01T00:00:01.000Z</time></trkpt>
			<trkpt lat="55.599321" lon="37.701990"><time>1970-01-01T00:00:01.000Z</time></trkpt>
			<trkpt lat="55.599171" lon="37.702248"><time>1970-01-01T00:00:01.000Z</time></trkpt>
			<trkpt lat="55.598613" lon="37.701776"><time>1970-01-01T00:00:01.000Z</time></trkpt>
			<trkpt lat="55.597604" lon="37.705467"><time>1970-01-01T00:00:01.000Z</time></trkpt>
			<trkpt lat="55.597604" lon="37.706625"><time>1970-01-01T00:00:01.000Z</time></trkpt>
			<trkpt lat="55.597368" lon="37.707720"><time>1970-01-01T00:00:01.000Z</time></trkpt>
			<trkpt lat="55.596832" lon="37.708750"><time>1970-01-01T00:00:01.000Z</time></trkpt>
			<trkpt lat="55.596424" lon="37.709093"><time>1970-01-01T00:00:01.000Z</time></trkpt>
			<trkpt lat="55.595308" lon="37.707827"><time>1970-01-01T00:00:01.000Z</time></trkpt>
			<trkpt lat="55.594321" lon="37.704823"><time>1970-01-01T00:00:01.000Z</time></trkpt>
			<trkpt lat="55.593785" lon="37.703450"><time>1970-01-01T00:00:01.000Z</time></trkpt>
			<trkpt lat="55.593356" lon="37.701840"><time>1970-01-01T00:00:01.000Z</time></trkpt>
			<trkpt lat="55.592969" lon="37.701218"><time>1970-01-01T00:00:01.000Z</time></trkpt>
			<trkpt lat="55.592347" lon="37.700510"><time>1970-01-01T00:00:01.000Z</time></trkpt>
			<trkpt lat="55.590588" lon="37.699523"><time>1970-01-01T00:00:01.000Z</time></trkpt>
			<trkpt lat="55.590287" lon="37.699180"><time>1970-01-01T00:00:01.000Z</time></trkpt>
			<trkpt lat="55.590008" lon="37.698493"><time>1970-01-01T00:00:01.000Z</time></trkpt>
			<trkpt lat="55.589665" lon="37.698171"><time>1970-01-01T00:00:01.000Z</time></trkpt>
			<trkpt lat="55.589579" lon="37.697956"><time>1970-01-01T00:00:01.000Z</time></trkpt>
			<trkpt lat="55.588635" lon="37.696690"><time>1970-01-01T00:00:01.000Z</time></trkpt>
			<trkpt lat="55.587991" lon="37.696540"><time>1970-01-01T00:00:01.000Z</time></trkpt>
			<trkpt lat="55.587605" lon="37.696626"><time>1970-01-01T00:00:01.000Z</time></trkpt>
			<trkpt lat="55.587369" lon="37.696390"><time>1970-01-01T00:00:01.000Z</time></trkpt>
			<trkpt lat="55.587090" lon="37.696304"><time>1970-01-01T00:00:01.000Z</time></trkpt>
			<trkpt lat="55.586983" lon="37.696004"><time>1970-01-01T00:00:01.000Z</time></trkpt>
			<trkpt lat="55.587133" lon="37.692270"><time>1970-01-01T00:00:01.000Z</time></trkpt>
			<trkpt lat="55.587412" lon="37.686863"><time>1970-01-01T00:00:01.000Z</time></trkpt>
			<trkpt lat="55.587626" lon="37.686841"><time>1970-01-01T00:00:01.000Z</time></trkpt>
			<trkpt lat="55.587734" lon="37.686627"><time>1970-01-01T00:00:01.000Z</time></trkpt>
			<trkpt lat="55.587841" lon="37.686241"><time>1970-01-01T00:00:01.000Z</time></trkpt>
			<trkpt lat="55.587862" lon="37.685189"><time>1970-01-01T00:00:01.000Z</time></trkpt>
			<trkpt lat="55.588099" lon="37.684545"><time>1970-01-01T00:00:01.000Z</time></trkpt>
			<trkpt lat="55.588270" lon="37.683730"><time>1970-01-01T00:00:01.000Z</time></trkpt>
			<trkpt lat="55.588721" lon="37.682979"><time>1970-01-01T00:00:01.000Z</time></trkpt>
			<trkpt lat="55.588807" lon="37.682485"><time>1970-01-01T00:00:01.000Z</time></trkpt>
			<trkpt lat="55.589214" lon="37.681713"><time>1970-01-01T00:00:01.000Z</time></trkpt>
			<trkpt lat="55.589515" lon="37.681498"><time>1970-01-01T00:00:01.000Z</time></trkpt>
			<trkpt lat="55.589879" lon="37.680640"><time>1970-01-01T00:00:01.000Z</time></trkpt>
			<trkpt lat="55.590673" lon="37.680447"><time>1970-01-01T00:00:01.000Z</time></trkpt>
			<trkpt lat="55.590995" lon="37.680232"><time>1970-01-01T00:00:01.000Z</time></trkpt>
			<trkpt lat="55.591231" lon="37.680125"><time>1970-01-01T00:00:01.000Z</time></trkpt>
			<trkpt lat="55.592240" lon="37.679953"><time>1970-01-01T00:00:01.000Z</time></trkpt>
			<trkpt lat="55.592776" lon="37.679589"><time>1970-01-01T00:00:01.000Z</time></trkpt>
			<trkpt lat="55.593248" lon="37.679460"><time>1970-01-01T00:00:01.000Z</time></trkpt>
			<trkpt lat="55.593270" lon="37.679782"><time>1970-01-01T00:00:01.000Z</time></trkpt>
			<trkpt lat="55.593184" lon="37.680104"><time>1970-01-01T00:00:01.000Z</time></trkpt>
			<trkpt lat="55.593313" lon="37.681048"><time>1970-01-01T00:00:01.000Z</time></trkpt>
			<trkpt lat="55.593720" lon="37.682721"><time>1970-01-01T00:00:01.000Z</time></trkpt>
			<trkpt lat="55.593720" lon="37.683086"><time>1970-01-01T00:00:01.000Z</time></trkpt>
			<trkpt lat="55.593871" lon="37.683279"><time>1970-01-01T00:00:01.000Z</time></trkpt>
			<trkpt lat="55.594192" lon="37.683279"><time>1970-01-01T00:00:01.000Z</time></trkpt>
			<trkpt lat="55.595051" lon="37.682164"><time>1970-01-01T00:00:01.000Z</time></trkpt>
			<trkpt lat="55.595051" lon="37.679696"><time>1970-01-01T00:00:01.000Z</time></trkpt>
			<trkpt lat="55.596617" lon="37.677593"><time>1970-01-01T00:00:01.000Z</time></trkpt>
			<trkpt lat="55.596896" lon="37.677164"><time>1970-01-01T00:00:01.000Z</time></trkpt>
			<trkpt lat="55.596832" lon="37.672787"><time>1970-01-01T00:00:01.000Z</time></trkpt>
			<trkpt lat="55.596252" lon="37.672829"><time>1970-01-01T00:00:01.000Z</time></trkpt>
			<trkpt lat="55.596145" lon="37.672722"><time>1970-01-01T00:00:01.000Z</time></trkpt>
			<trkpt lat="55.596124" lon="37.672572"><time>1970-01-01T00:00:01.000Z</time></trkpt>
			<trkpt lat="55.596403" lon="37.672486"><time>1970-01-01T00:00:01.000Z</time></trkpt>
			<trkpt lat="55.596360" lon="37.671714"><time>1970-01-01T00:00:01.000Z</time></trkpt>
			<trkpt lat="55.596210" lon="37.671413"><time>1970-01-01T00:00:01.000Z</time></trkpt>
			<trkpt lat="55.595716" lon="37.665491"><time>1970-01-01T00:00:01.000Z</time></trkpt>
			<trkpt lat="55.596081" lon="37.664225"><time>1970-01-01T00:00:01.000Z</time></trkpt>
			<trkpt lat="55.595931" lon="37.662616"><time>1970-01-01T00:00:01.000Z</time></trkpt>
			<trkpt lat="55.595265" lon="37.661865"><time>1970-01-01T00:00:01.000Z</time></trkpt>
			<trkpt lat="55.594579" lon="37.657015"><time>1970-01-01T00:00:01.000Z</time></trkpt>
			<trkpt lat="55.594450" lon="37.657165"><time>1970-01-01T00:00:01.000Z</time></trkpt>
			<trkpt lat="55.594407" lon="37.657080"><time>1970-01-01T00:00:01.000Z</time></trkpt>
			<trkpt lat="55.594150" lon="37.657101"><time>1970-01-01T00:00:01.000Z</time></trkpt>
			<trkpt lat="55.593720" lon="37.656650"><time>1970-01-01T00:00:01.000Z</time></trkpt>
			<trkpt lat="55.593313" lon="37.656908"><time>1970-01-01T00:00:01.000Z</time></trkpt>
			<trkpt lat="55.592583" lon="37.653153"><time>1970-01-01T00:00:01.000Z</time></trkpt>
			<trkpt lat="55.590974" lon="37.646479"><time>1970-01-01T00:00:01.000Z</time></trkpt>
			<trkpt lat="55.590867" lon="37.645986"><time>1970-01-01T00:00:01.000Z</time></trkpt>
			<trkpt lat="55.590588" lon="37.643561"><time>1970-01-01T00:00:01.000Z</time></trkpt>
			<trkpt lat="55.591467" lon="37.643218"><time>1970-01-01T00:00:01.000Z</time></trkpt>
			<trkpt lat="55.591274" lon="37.641995"><time>1970-01-01T00:00:01.000Z</time></trkpt>
			<trkpt lat="55.591210" lon="37.640943"><time>1970-01-01T00:00:01.000Z</time></trkpt>
			<trkpt lat="55.592004" lon="37.640579"><time>1970-01-01T00:00:01.000Z</time></trkpt>
			<trkpt lat="55.592004" lon="37.640171"><time>1970-01-01T00:00:01.000Z</time></trkpt>
			<trkpt lat="55.592991" lon="37.639913"><time>1970-01-01T00:00:01.000Z</time></trkpt>
			<trkpt lat="55.593163" lon="37.638669"><time>1970-01-01T00:00:01.000Z</time></trkpt>
			<trkpt lat="55.593141" lon="37.637875"><time>1970-01-01T00:00:01.000Z</time></trkpt>
			<trkpt lat="55.593227" lon="37.637124"><time>1970-01-01T00:00:01.000Z</time></trkpt>
			<trkpt lat="55.593313" lon="37.636952"><time>1970-01-01T00:00:01.000Z</time></trkpt>
			<trkpt lat="55.593592" lon="37.636802"><time>1970-01-01T00:00:01.000Z</time></trkpt>
			<trkpt lat="55.593699" lon="37.635965"><time>1970-01-01T00:00:01.000Z</time></trkpt>
			<trkpt lat="55.598827" lon="37.636695"><time>1970-01-01T00:00:01.000Z</time></trkpt>
			<trkpt lat="55.601788" lon="37.637338"><time>1970-01-01T00:00:01.000Z</time></trkpt>
			<trkpt lat="55.602067" lon="37.637296"><time>1970-01-01T00:00:01.000Z</time></trkpt>
			<trkpt lat="55.602067" lon="37.636909"><time>1970-01-01T00:00:01.000Z</time></trkpt>
			<trkpt lat="55.602497" lon="37.636781"><time>1970-01-01T00:00:01.000Z</time></trkpt>
			<trkpt lat="55.602776" lon="37.636587"><time>1970-01-01T00:00:01.000Z</time></trkpt>
			<trkpt lat="55.603012" lon="37.636309"><time>1970-01-01T00:00:01.000Z</time></trkpt>
			<trkpt lat="55.605239" lon="37.629692"><time>1970-01-01T00:00:01.000Z</time></trkpt>
			<trkpt lat="55.605029" lon="37.629571"><time>1970-01-01T00:00:01.000Z</time></trkpt>
			<trkpt lat="55.604321" lon="37.631586"><time>1970-01-01T00:00:01.000Z</time></trkpt>
			<trkpt lat="55.604248" lon="37.631564"><time>1970-01-01T00:00:01.000Z</time></trkpt>
			<trkpt lat="55.604175" lon="37.631757"><time>1970-01-01T00:00:01.000Z</time></trkpt>
			<trkpt lat="55.604090" lon="37.631757"><time>1970-01-01T00:00:01.000Z</time></trkpt>
			<trkpt lat="55.603063" lon="37.630722"><time>1970-01-01T00:00:01.000Z</time></trkpt>
			<trkpt lat="55.602248" lon="37.630008"><time>1970-01-01T00:00:01.000Z</time></trkpt>
			<trkpt lat="55.601166" lon="37.628240"><time>1970-01-01T00:00:01.000Z</time></trkpt>
			<trkpt lat="55.601638" lon="37.627382"><time>1970-01-01T00:00:01.000Z</time></trkpt>
			<trkpt lat="55.601939" lon="37.627039"><time>1970-01-01T00:00:01.000Z</time></trkpt>
			<trkpt lat="55.602346" lon="37.626653"><time>1970-01-01T00:00:01.000Z</time></trkpt>
			<trkpt lat="55.602604" lon="37.626502"><time>1970-01-01T00:00:01.000Z</time></trkpt>
			<trkpt lat="55.602926" lon="37.626116"><time>1970-01-01T00:00:01.000Z</time></trkpt>
			<trkpt lat="55.603119" lon="37.625966"><time>1970-01-01T00:00:01.000Z</time></trkpt>
			<trkpt lat="55.603312" lon="37.625880"><time>1970-01-01T00:00:01.000Z</time></trkpt>
			<trkpt lat="55.604342" lon="37.626245"><time>1970-01-01T00:00:01.000Z</time></trkpt>
			<trkpt lat="55.604471" lon="37.626567"><time>1970-01-01T00:00:01.000Z</time></trkpt>
			<trkpt lat="55.604535" lon="37.626974"><time>1970-01-01T00:00:01.000Z</time></trkpt>
			<trkpt lat="55.604835" lon="37.627168"><time>1970-01-01T00:00:01.000Z</time></trkpt>
			<trkpt lat="55.604986" lon="37.627425"><time>1970-01-01T00:00:01.000Z</time></trkpt>
			<trkpt lat="55.605072" lon="37.627768"><time>1970-01-01T00:00:01.000Z</time></trkpt>
			<trkpt lat="55.605200" lon="37.627833"><time>1970-01-01T00:00:01.000Z</time></trkpt>
			<trkpt lat="55.605458" lon="37.627532"><time>1970-01-01T00:00:01.000Z</time></trkpt>
			<trkpt lat="55.605672" lon="37.626760"><time>1970-01-01T00:00:01.000Z</time></trkpt>
			<trkpt lat="55.605029" lon="37.625236"><time>1970-01-01T00:00:01.000Z</time></trkpt>
			<trkpt lat="55.605050" lon="37.624485"><time>1970-01-01T00:00:01.000Z</time></trkpt>
			<trkpt lat="55.605007" lon="37.624121"><time>1970-01-01T00:00:01.000Z</time></trkpt>
			<trkpt lat="55.604943" lon="37.623970"><time>1970-01-01T00:00:01.000Z</time></trkpt>
			<trkpt lat="55.604535" lon="37.623799"><time>1970-01-01T00:00:01.000Z</time></trkpt>
			<trkpt lat="55.604471" lon="37.623541"><time>1970-01-01T00:00:01.000Z</time></trkpt>
			<trkpt lat="55.603484" lon="37.623026"><time>1970-01-01T00:00:01.000Z</time></trkpt>
			<trkpt lat="55.603076" lon="37.622897"><time>1970-01-01T00:00:01.000Z</time></trkpt>
			<trkpt lat="55.603140" lon="37.622468"><time>1970-01-01T00:00:01.000Z</time></trkpt>
			<trkpt lat="55.603054" lon="37.622361"><time>1970-01-01T00:00:01.000Z</time></trkpt>
			<trkpt lat="55.603033" lon="37.622254"><time>1970-01-01T00:00:01.000Z</time></trkpt>
			<trkpt lat="55.603548" lon="37.622468"><time>1970-01-01T00:00:01.000Z</time></trkpt>
			<trkpt lat="55.603655" lon="37.621567"><time>1970-01-01T00:00:01.000Z</time></trkpt>
			<trkpt lat="55.603569" lon="37.619786"><time>1970-01-01T00:00:01.000Z</time></trkpt>
			<trkpt lat="55.603591" lon="37.619357"><time>1970-01-01T00:00:01.000Z</time></trkpt>
			<trkpt lat="55.603419" lon="37.617447"><time>1970-01-01T00:00:01.000Z</time></trkpt>
			<trkpt lat="55.603269" lon="37.616632"><time>1970-01-01T00:00:01.000Z</time></trkpt>
			<trkpt lat="55.604020" lon="37.612040"><time>1970-01-01T00:00:01.000Z</time></trkpt>
			<trkpt lat="55.603891" lon="37.611160"><time>1970-01-01T00:00:01.000Z</time></trkpt>
			<trkpt lat="55.604621" lon="37.611632"><time>1970-01-01T00:00:01.000Z</time></trkpt>
			<trkpt lat="55.605093" lon="37.608650"><time>1970-01-01T00:00:01.000Z</time></trkpt>
			<trkpt lat="55.606273" lon="37.608006"><time>1970-01-01T00:00:01.000Z</time></trkpt>
			<trkpt lat="55.606938" lon="37.608306"><time>1970-01-01T00:00:01.000Z</time></trkpt>
			<trkpt lat="55.606960" lon="37.608135"><time>1970-01-01T00:00:01.000Z</time></trkpt>
			<trkpt lat="55.606788" lon="37.608027"><time>1970-01-01T00:00:01.000Z</time></trkpt>
			<trkpt lat="55.606981" lon="37.606718"><time>1970-01-01T00:00:01.000Z</time></trkpt>
			<trkpt lat="55.606681" lon="37.606547"><time>1970-01-01T00:00:01.000Z</time></trkpt>
			<trkpt lat="55.606531" lon="37.606289"><time>1970-01-01T00:00:01.000Z</time></trkpt>
			<trkpt lat="55.606524" lon="37.606223"><time>1970-01-01T00:00:01.000Z</time></trkpt>
			<trkpt lat="55.606581" lon="37.606207"><time>1970-01-01T00:00:01.000Z</time></trkpt>
			<trkpt lat="55.606702" lon="37.604186"><time>1970-01-01T00:00:01.000Z</time></trkpt>
			<trkpt lat="55.606981" lon="37.602427"><time>1970-01-01T00:00:01.000Z</time></trkpt>
			<trkpt lat="55.607024" lon="37.602212"><time>1970-01-01T00:00:01.000Z</time></trkpt>
			<trkpt lat="55.607217" lon="37.602341"><time>1970-01-01T00:00:01.000Z</time></trkpt>
			<trkpt lat="55.607303" lon="37.601826"><time>1970-01-01T00:00:01.000Z</time></trkpt>
			<trkpt lat="55.606702" lon="37.601504"><time>1970-01-01T00:00:01.000Z</time></trkpt>
			<trkpt lat="55.606742" lon="37.601084"><time>1970-01-01T00:00:01.000Z</time></trkpt>
			<trkpt lat="55.606252" lon="37.600882"><time>1970-01-01T00:00:01.000Z</time></trkpt>
			<trkpt lat="55.606239" lon="37.600349"><time>1970-01-01T00:00:01.000Z</time></trkpt>
			<trkpt lat="55.606016" lon="37.599766"><time>1970-01-01T00:00:01.000Z</time></trkpt>
			<trkpt lat="55.605780" lon="37.598371"><time>1970-01-01T00:00:01.000Z</time></trkpt>
			<trkpt lat="55.605823" lon="37.597170"><time>1970-01-01T00:00:01.000Z</time></trkpt>
			<trkpt lat="55.605672" lon="37.596290"><time>1970-01-01T00:00:01.000Z</time></trkpt>
			<trkpt lat="55.605629" lon="37.595818"><time>1970-01-01T00:00:01.000Z</time></trkpt>
			<trkpt lat="55.605758" lon="37.594337"><time>1970-01-01T00:00:01.000Z</time></trkpt>
			<trkpt lat="55.605651" lon="37.593500"><time>1970-01-01T00:00:01.000Z</time></trkpt>
			<trkpt lat="55.605715" lon="37.592664"><time>1970-01-01T00:00:01.000Z</time></trkpt>
			<trkpt lat="55.605887" lon="37.591677"><time>1970-01-01T00:00:01.000Z</time></trkpt>
			<trkpt lat="55.606295" lon="37.590840"><time>1970-01-01T00:00:01.000Z</time></trkpt>
			<trkpt lat="55.606339" lon="37.590655"><time>1970-01-01T00:00:01.000Z</time></trkpt>
			<trkpt lat="55.606496" lon="37.590682"><time>1970-01-01T00:00:01.000Z</time></trkpt>
			<trkpt lat="55.606512" lon="37.590424"><time>1970-01-01T00:00:01.000Z</time></trkpt>
			<trkpt lat="55.606454" lon="37.590349"><time>1970-01-01T00:00:01.000Z</time></trkpt>
			<trkpt lat="55.606475" lon="37.589963"><time>1970-01-01T00:00:01.000Z</time></trkpt>
			<trkpt lat="55.606316" lon="37.589917"><time>1970-01-01T00:00:01.000Z</time></trkpt>
			<trkpt lat="55.606853" lon="37.585153"><time>1970-01-01T00:00:01.000Z</time></trkpt>
			<trkpt lat="55.607067" lon="37.579317"><time>1970-01-01T00:00:01.000Z</time></trkpt>
			<trkpt lat="55.605865" lon="37.579403"><time>1970-01-01T00:00:01.000Z</time></trkpt>
			<trkpt lat="55.605865" lon="37.579188"><time>1970-01-01T00:00:01.000Z</time></trkpt>
			<trkpt lat="55.605587" lon="37.578759"><time>1970-01-01T00:00:01.000Z</time></trkpt>
			<trkpt lat="55.605200" lon="37.577901"><time>1970-01-01T00:00:01.000Z</time></trkpt>
			<trkpt lat="55.604793" lon="37.577901"><time>1970-01-01T00:00:01.000Z</time></trkpt>
			<trkpt lat="55.604835" lon="37.577214"><time>1970-01-01T00:00:01.000Z</time></trkpt>
			<trkpt lat="55.604964" lon="37.577064"><time>1970-01-01T00:00:01.000Z</time></trkpt>
			<trkpt lat="55.605072" lon="37.576828"><time>1970-01-01T00:00:01.000Z</time></trkpt>
			<trkpt lat="55.605114" lon="37.576377"><time>1970-01-01T00:00:01.000Z</time></trkpt>
			<trkpt lat="55.604964" lon="37.575133"><time>1970-01-01T00:00:01.000Z</time></trkpt>
			<trkpt lat="55.605029" lon="37.574339"><time>1970-01-01T00:00:01.000Z</time></trkpt>
			<trkpt lat="55.605007" lon="37.573030"><time>1970-01-01T00:00:01.000Z</time></trkpt>
			<trkpt lat="55.605222" lon="37.572837"><time>1970-01-01T00:00:01.000Z</time></trkpt>
			<trkpt lat="55.605372" lon="37.572493"><time>1970-01-01T00:00:01.000Z</time></trkpt>
			<trkpt lat="55.605608" lon="37.572172"><time>1970-01-01T00:00:01.000Z</time></trkpt>
			<trkpt lat="55.605887" lon="37.571914"><time>1970-01-01T00:00:01.000Z</time></trkpt>
			<trkpt lat="55.606295" lon="37.571421"><time>1970-01-01T00:00:01.000Z</time></trkpt>
			<trkpt lat="55.606574" lon="37.571227"><time>1970-01-01T00:00:01.000Z</time></trkpt>
			<trkpt lat="55.606616" lon="37.570991"><time>1970-01-01T00:00:01.000Z</time></trkpt>
			<trkpt lat="55.606938" lon="37.570412"><time>1970-01-01T00:00:01.000Z</time></trkpt>
			<trkpt lat="55.607089" lon="37.570219"><time>1970-01-01T00:00:01.000Z</time></trkpt>
			<trkpt lat="55.607518" lon="37.569167"><time>1970-01-01T00:00:01.000Z</time></trkpt>
			<trkpt lat="55.607625" lon="37.569296"><time>1970-01-01T00:00:01.000Z</time></trkpt>
			<trkpt lat="55.607818" lon="37.569189"><time>1970-01-01T00:00:01.000Z</time></trkpt>
			<trkpt lat="55.608676" lon="37.569253"><time>1970-01-01T00:00:01.000Z</time></trkpt>
			<trkpt lat="55.609470" lon="37.570262"><time>1970-01-01T00:00:01.000Z</time></trkpt>
			<trkpt lat="55.614170" lon="37.566142"><time>1970-01-01T00:00:01.000Z</time></trkpt>
			<trkpt lat="55.614298" lon="37.566120"><time>1970-01-01T00:00:01.000Z</time></trkpt>
			<trkpt lat="55.614406" lon="37.565906"><time>1970-01-01T00:00:01.000Z</time></trkpt>
			<trkpt lat="55.614706" lon="37.565048"><time>1970-01-01T00:00:01.000Z</time></trkpt>
			<trkpt lat="55.615114" lon="37.564854"><time>1970-01-01T00:00:01.000Z</time></trkpt>
			<trkpt lat="55.615393" lon="37.564189"><time>1970-01-01T00:00:01.000Z</time></trkpt>
			<trkpt lat="55.615929" lon="37.561078"><time>1970-01-01T00:00:01.000Z</time></trkpt>
			<trkpt lat="55.616337" lon="37.559168"><time>1970-01-01T00:00:01.000Z</time></trkpt>
			<trkpt lat="55.617023" lon="37.557731"><time>1970-01-01T00:00:01.000Z</time></trkpt>
			<trkpt lat="55.617667" lon="37.556851"><time>1970-01-01T00:00:01.000Z</time></trkpt>
			<trkpt lat="55.617925" lon="37.556679"><time>1970-01-01T00:00:01.000Z</time></trkpt>
			<trkpt lat="55.618933" lon="37.557130"><time>1970-01-01T00:00:01.000Z</time></trkpt>
			<trkpt lat="55.620070" lon="37.557301"><time>1970-01-01T00:00:01.000Z</time></trkpt>
			<trkpt lat="55.620907" lon="37.556915"><time>1970-01-01T00:00:01.000Z</time></trkpt>
			<trkpt lat="55.622002" lon="37.555950"><time>1970-01-01T00:00:01.000Z</time></trkpt>
			<trkpt lat="55.622602" lon="37.555220"><time>1970-01-01T00:00:01.000Z</time></trkpt>
			<trkpt lat="55.622946" lon="37.554619"><time>1970-01-01T00:00:01.000Z</time></trkpt>
			<trkpt lat="55.623396" lon="37.552924"><time>1970-01-01T00:00:01.000Z</time></trkpt>
			<trkpt lat="55.623675" lon="37.552667"><time>1970-01-01T00:00:01.000Z</time></trkpt>
			<trkpt lat="55.624083" lon="37.551830"><time>1970-01-01T00:00:01.000Z</time></trkpt>
			<trkpt lat="55.624147" lon="37.551401"><time>1970-01-01T00:00:01.000Z</time></trkpt>
			<trkpt lat="55.624276" lon="37.549062"><time>1970-01-01T00:00:01.000Z</time></trkpt>
			<trkpt lat="55.624534" lon="37.548418"><time>1970-01-01T00:00:01.000Z</time></trkpt>
			<trkpt lat="55.624512" lon="37.547881"><time>1970-01-01T00:00:01.000Z</time></trkpt>
			<trkpt lat="55.624619" lon="37.547431"><time>1970-01-01T00:00:01.000Z</time></trkpt>
			<trkpt lat="55.624855" lon="37.546851"><time>1970-01-01T00:00:01.000Z</time></trkpt>
			<trkpt lat="55.626079" lon="37.545650"><time>1970-01-01T00:00:01.000Z</time></trkpt>
			<trkpt lat="55.626164" lon="37.543096"><time>1970-01-01T00:00:01.000Z</time></trkpt>
			<trkpt lat="55.626100" lon="37.542388"><time>1970-01-01T00:00:01.000Z</time></trkpt>
			<trkpt lat="55.626354" lon="37.542247"><time>1970-01-01T00:00:01.000Z</time></trkpt>
			<trkpt lat="55.626573" lon="37.542037"><time>1970-01-01T00:00:01.000Z</time></trkpt>
			<trkpt lat="55.627006" lon="37.541850"><time>1970-01-01T00:00:01.000Z</time></trkpt>
			<trkpt lat="55.627614" lon="37.541957"><time>1970-01-01T00:00:01.000Z</time></trkpt>
			<trkpt lat="55.627963" lon="37.541828"><time>1970-01-01T00:00:01.000Z</time></trkpt>
			<trkpt lat="55.628205" lon="37.541479"><time>1970-01-01T00:00:01.000Z</time></trkpt>
			<trkpt lat="55.628447" lon="37.541345"><time>1970-01-01T00:00:01.000Z</time></trkpt>
			<trkpt lat="55.628317" lon="37.540374"><time>1970-01-01T00:00:01.000Z</time></trkpt>
			<trkpt lat="55.628224" lon="37.540264"><time>1970-01-01T00:00:01.000Z</time></trkpt>
			<trkpt lat="55.628096" lon="37.540221"><time>1970-01-01T00:00:01.000Z</time></trkpt>
			<trkpt lat="55.627924" lon="37.539899"><time>1970-01-01T00:00:01.000Z</time></trkpt>
			<trkpt lat="55.627559" lon="37.539749"><time>1970-01-01T00:00:01.000Z</time></trkpt>
			<trkpt lat="55.626529" lon="37.538311"><time>1970-01-01T00:00:01.000Z</time></trkpt>
			<trkpt lat="55.625855" lon="37.536952"><time>1970-01-01T00:00:01.000Z</time></trkpt>
			<trkpt lat="55.625285" lon="37.536144"><time>1970-01-01T00:00:01.000Z</time></trkpt>
			<trkpt lat="55.624898" lon="37.535693"><time>1970-01-01T00:00:01.000Z</time></trkpt>
			<trkpt lat="55.624727" lon="37.535629"><time>1970-01-01T00:00:01.000Z</time></trkpt>
			<trkpt lat="55.624319" lon="37.535007"><time>1970-01-01T00:00:01.000Z</time></trkpt>
			<trkpt lat="55.623826" lon="37.534771"><time>1970-01-01T00:00:01.000Z</time></trkpt>
			<trkpt lat="55.623783" lon="37.534664"><time>1970-01-01T00:00:01.000Z</time></trkpt>
			<trkpt lat="55.623968" lon="37.533454"><time>1970-01-01T00:00:01.000Z</time></trkpt>
			<trkpt lat="55.623786" lon="37.533170"><time>1970-01-01T00:00:01.000Z</time></trkpt>
			<trkpt lat="55.623371" lon="37.532800"><time>1970-01-01T00:00:01.000Z</time></trkpt>
			<trkpt lat="55.623047" lon="37.532435"><time>1970-01-01T00:00:01.000Z</time></trkpt>
			<trkpt lat="55.622811" lon="37.528943"><time>1970-01-01T00:00:01.000Z</time></trkpt>
			<trkpt lat="55.622832" lon="37.528487"><time>1970-01-01T00:00:01.000Z</time></trkpt>
			<trkpt lat="55.623108" lon="37.527291"><time>1970-01-01T00:00:01.000Z</time></trkpt>
			<trkpt lat="55.623438" lon="37.525579"><time>1970-01-01T00:00:01.000Z</time></trkpt>
			<trkpt lat="55.625419" lon="37.514228"><time>1970-01-01T00:00:01.000Z</time></trkpt>
			<trkpt lat="55.625664" lon="37.513016"><time>1970-01-01T00:00:01.000Z</time></trkpt>
			<trkpt lat="55.623654" lon="37.510910"><time>1970-01-01T00:00:01.000Z</time></trkpt>
			<trkpt lat="55.618697" lon="37.504902"><time>1970-01-01T00:00:01.000Z</time></trkpt>
			<trkpt lat="55.618633" lon="37.505052"><time>1970-01-01T00:00:01.000Z</time></trkpt>
			<trkpt lat="55.618697" lon="37.504880"><time>1970-01-01T00:00:01.000Z</time></trkpt>
			<trkpt lat="55.619405" lon="37.505717"><time>1970-01-01T00:00:01.000Z</time></trkpt>
			<trkpt lat="55.620006" lon="37.504322"><time>1970-01-01T00:00:01.000Z</time></trkpt>
			<trkpt lat="55.620693" lon="37.504816"><time>1970-01-01T00:00:01.000Z</time></trkpt>
			<trkpt lat="55.620907" lon="37.504644"><time>1970-01-01T00:00:01.000Z</time></trkpt>
			<trkpt lat="55.621401" lon="37.503893"><time>1970-01-01T00:00:01.000Z</time></trkpt>
			<trkpt lat="55.622388" lon="37.501404"><time>1970-01-01T00:00:01.000Z</time></trkpt>
			<trkpt lat="55.622366" lon="37.500567"><time>1970-01-01T00:00:01.000Z</time></trkpt>
			<trkpt lat="55.622495" lon="37.499409"><time>1970-01-01T00:00:01.000Z</time></trkpt>
			<trkpt lat="55.622023" lon="37.498937"><time>1970-01-01T00:00:01.000Z</time></trkpt>
			<trkpt lat="55.622087" lon="37.498786"><time>1970-01-01T00:00:01.000Z</time></trkpt>
			<trkpt lat="55.622238" lon="37.498937"><time>1970-01-01T00:00:01.000Z</time></trkpt>
			<trkpt lat="55.622388" lon="37.498507"><time>1970-01-01T00:00:01.000Z</time></trkpt>
			<trkpt lat="55.622731" lon="37.497864"><time>1970-01-01T00:00:01.000Z</time></trkpt>
			<trkpt lat="55.622796" lon="37.497606"><time>1970-01-01T00:00:01.000Z</time></trkpt>
			<trkpt lat="55.623203" lon="37.496941"><time>1970-01-01T00:00:01.000Z</time></trkpt>
			<trkpt lat="55.623439" lon="37.496705"><time>1970-01-01T00:00:01.000Z</time></trkpt>
			<trkpt lat="55.623654" lon="37.496962"><time>1970-01-01T00:00:01.000Z</time></trkpt>
			<trkpt lat="55.623718" lon="37.496962"><time>1970-01-01T00:00:01.000Z</time></trkpt>
			<trkpt lat="55.624062" lon="37.496426"><time>1970-01-01T00:00:01.000Z</time></trkpt>
			<trkpt lat="55.625006" lon="37.493701"><time>1970-01-01T00:00:01.000Z</time></trkpt>
			<trkpt lat="55.625285" lon="37.493315"><time>1970-01-01T00:00:01.000Z</time></trkpt>
			<trkpt lat="55.625714" lon="37.493057"><time>1970-01-01T00:00:01.000Z</time></trkpt>
			<trkpt lat="55.626014" lon="37.492628"><time>1970-01-01T00:00:01.000Z</time></trkpt>
			<trkpt lat="55.627194" lon="37.492370"><time>1970-01-01T00:00:01.000Z</time></trkpt>
			<trkpt lat="55.627495" lon="37.491619"><time>1970-01-01T00:00:01.000Z</time></trkpt>
			<trkpt lat="55.627688" lon="37.490654"><time>1970-01-01T00:00:01.000Z</time></trkpt>
			<trkpt lat="55.627902" lon="37.490804"><time>1970-01-01T00:00:01.000Z</time></trkpt>
			<trkpt lat="55.628053" lon="37.491040"><time>1970-01-01T00:00:01.000Z</time></trkpt>
			<trkpt lat="55.628975" lon="37.491062"><time>1970-01-01T00:00:01.000Z</time></trkpt>
			<trkpt lat="55.629748" lon="37.491147"><time>1970-01-01T00:00:01.000Z</time></trkpt>
			<trkpt lat="55.630284" lon="37.491662"><time>1970-01-01T00:00:01.000Z</time></trkpt>
			<trkpt lat="55.630606" lon="37.491920"><time>1970-01-01T00:00:01.000Z</time></trkpt>
			<trkpt lat="55.630692" lon="37.492113"><time>1970-01-01T00:00:01.000Z</time></trkpt>
			<trkpt lat="55.630778" lon="37.491984"><time>1970-01-01T00:00:01.000Z</time></trkpt>
			<trkpt lat="55.630971" lon="37.492199"><time>1970-01-01T00:00:01.000Z</time></trkpt>
			<trkpt lat="55.631314" lon="37.492156"><time>1970-01-01T00:00:01.000Z</time></trkpt>
			<trkpt lat="55.632473" lon="37.492521"><time>1970-01-01T00:00:01.000Z</time></trkpt>
			<trkpt lat="55.632838" lon="37.492671"><time>1970-01-01T00:00:01.000Z</time></trkpt>
			<trkpt lat="55.634404" lon="37.493765"><time>1970-01-01T00:00:01.000Z</time></trkpt>
			<trkpt lat="55.634426" lon="37.493894"><time>1970-01-01T00:00:01.000Z</time></trkpt>
			<trkpt lat="55.634576" lon="37.494001"><time>1970-01-01T00:00:01.000Z</time></trkpt>
			<trkpt lat="55.634705" lon="37.493872"><time>1970-01-01T00:00:01.000Z</time></trkpt>
			<trkpt lat="55.634812" lon="37.493937"><time>1970-01-01T00:00:01.000Z</time></trkpt>
			<trkpt lat="55.635134" lon="37.494023"><time>1970-01-01T00:00:01.000Z</time></trkpt>
			<trkpt lat="55.635305" lon="37.494151"><time>1970-01-01T00:00:01.000Z</time></trkpt>
			<trkpt lat="55.636207" lon="37.494151"><time>1970-01-01T00:00:01.000Z</time></trkpt>
			<trkpt lat="55.636807" lon="37.494581"><time>1970-01-01T00:00:01.000Z</time></trkpt>
			<trkpt lat="55.637151" lon="37.494924"><time>1970-01-01T00:00:01.000Z</time></trkpt>
			<trkpt lat="55.637237" lon="37.495653"><time>1970-01-01T00:00:01.000Z</time></trkpt>
			<trkpt lat="55.637516" lon="37.495675"><time>1970-01-01T00:00:01.000Z</time></trkpt>
			<trkpt lat="55.637580" lon="37.495718"><time>1970-01-01T00:00:01.000Z</time></trkpt>
			<trkpt lat="55.637794" lon="37.494988"><time>1970-01-01T00:00:01.000Z</time></trkpt>
			<trkpt lat="55.637923" lon="37.494774"><time>1970-01-01T00:00:01.000Z</time></trkpt>
			<trkpt lat="55.637902" lon="37.493014"><time>1970-01-01T00:00:01.000Z</time></trkpt>
			<trkpt lat="55.638073" lon="37.492606"><time>1970-01-01T00:00:01.000Z</time></trkpt>
			<trkpt lat="55.638481" lon="37.492456"><time>1970-01-01T00:00:01.000Z</time></trkpt>
			<trkpt lat="55.638760" lon="37.492177"><time>1970-01-01T00:00:01.000Z</time></trkpt>
			<trkpt lat="55.638953" lon="37.491877"><time>1970-01-01T00:00:01.000Z</time></trkpt>
			<trkpt lat="55.639297" lon="37.491534"><time>1970-01-01T00:00:01.000Z</time></trkpt>
			<trkpt lat="55.639039" lon="37.490547"><time>1970-01-01T00:00:01.000Z</time></trkpt>
			<trkpt lat="55.638975" lon="37.489924"><time>1970-01-01T00:00:01.000Z</time></trkpt>
			<trkpt lat="55.638631" lon="37.489409"><time>1970-01-01T00:00:01.000Z</time></trkpt>
			<trkpt lat="55.637859" lon="37.487221"><time>1970-01-01T00:00:01.000Z</time></trkpt>
			<trkpt lat="55.637945" lon="37.486834"><time>1970-01-01T00:00:01.000Z</time></trkpt>
			<trkpt lat="55.637923" lon="37.486598"><time>1970-01-01T00:00:01.000Z</time></trkpt>
			<trkpt lat="55.638181" lon="37.485719"><time>1970-01-01T00:00:01.000Z</time></trkpt>
			<trkpt lat="55.638052" lon="37.485332"><time>1970-01-01T00:00:01.000Z</time></trkpt>
			<trkpt lat="55.637966" lon="37.484259"><time>1970-01-01T00:00:01.000Z</time></trkpt>
			<trkpt lat="55.637988" lon="37.483401"><time>1970-01-01T00:00:01.000Z</time></trkpt>
			<trkpt lat="55.638095" lon="37.481963"><time>1970-01-01T00:00:01.000Z</time></trkpt>
			<trkpt lat="55.637923" lon="37.480783"><time>1970-01-01T00:00:01.000Z</time></trkpt>
			<trkpt lat="55.637752" lon="37.480182"><time>1970-01-01T00:00:01.000Z</time></trkpt>
			<trkpt lat="55.637730" lon="37.479689"><time>1970-01-01T00:00:01.000Z</time></trkpt>
			<trkpt lat="55.637687" lon="37.479453"><time>1970-01-01T00:00:01.000Z</time></trkpt>
			<trkpt lat="55.637773" lon="37.479431"><time>1970-01-01T00:00:01.000Z</time></trkpt>
			<trkpt lat="55.638031" lon="37.478809"><time>1970-01-01T00:00:01.000Z</time></trkpt>
			<trkpt lat="55.638545" lon="37.478809"><time>1970-01-01T00:00:01.000Z</time></trkpt>
			<trkpt lat="55.638696" lon="37.478595"><time>1970-01-01T00:00:01.000Z</time></trkpt>
			<trkpt lat="55.638803" lon="37.478359"><time>1970-01-01T00:00:01.000Z</time></trkpt>
			<trkpt lat="55.639103" lon="37.476921"><time>1970-01-01T00:00:01.000Z</time></trkpt>
			<trkpt lat="55.639275" lon="37.475397"><time>1970-01-01T00:00:01.000Z</time></trkpt>
			<trkpt lat="55.639876" lon="37.472565"><time>1970-01-01T00:00:01.000Z</time></trkpt>
			<trkpt lat="55.640005" lon="37.471149"><time>1970-01-01T00:00:01.000Z</time></trkpt>
			<trkpt lat="55.640498" lon="37.470183"><time>1970-01-01T00:00:01.000Z</time></trkpt>
			<trkpt lat="55.640949" lon="37.469647"><time>1970-01-01T00:00:01.000Z</time></trkpt>
			<trkpt lat="55.641399" lon="37.469389"><time>1970-01-01T00:00:01.000Z</time></trkpt>
			<trkpt lat="55.641764" lon="37.468960"><time>1970-01-01T00:00:01.000Z</time></trkpt>
			<trkpt lat="55.642429" lon="37.468295"><time>1970-01-01T00:00:01.000Z</time></trkpt>
			<trkpt lat="55.642794" lon="37.468767"><time>1970-01-01T00:00:01.000Z</time></trkpt>
			<trkpt lat="55.643145" lon="37.469382"><time>1970-01-01T00:00:01.000Z</time></trkpt>
			<trkpt lat="55.643514" lon="37.468840"><time>1970-01-01T00:00:01.000Z</time></trkpt>
			<trkpt lat="55.643395" lon="37.468595"><time>1970-01-01T00:00:01.000Z</time></trkpt>
			<trkpt lat="55.643502" lon="37.467995"><time>1970-01-01T00:00:01.000Z</time></trkpt>
			<trkpt lat="55.643459" lon="37.467608"><time>1970-01-01T00:00:01.000Z</time></trkpt>
			<trkpt lat="55.644082" lon="37.466836"><time>1970-01-01T00:00:01.000Z</time></trkpt>
			<trkpt lat="55.645412" lon="37.465463"><time>1970-01-01T00:00:01.000Z</time></trkpt>
			<trkpt lat="55.646056" lon="37.465377"><time>1970-01-01T00:00:01.000Z</time></trkpt>
			<trkpt lat="55.646463" lon="37.465463"><time>1970-01-01T00:00:01.000Z</time></trkpt>
			<trkpt lat="55.646807" lon="37.465162"><time>1970-01-01T00:00:01.000Z</time></trkpt>
			<trkpt lat="55.652514" lon="37.464068"><time>1970-01-01T00:00:01.000Z</time></trkpt>
			<trkpt lat="55.653008" lon="37.461493"><time>1970-01-01T00:00:01.000Z</time></trkpt>
			<trkpt lat="55.654145" lon="37.460334"><time>1970-01-01T00:00:01.000Z</time></trkpt>
			<trkpt lat="55.654510" lon="37.460227"><time>1970-01-01T00:00:01.000Z</time></trkpt>
			<trkpt lat="55.655647" lon="37.460377"><time>1970-01-01T00:00:01.000Z</time></trkpt>
			<trkpt lat="55.656312" lon="37.460356"><time>1970-01-01T00:00:01.000Z</time></trkpt>
			<trkpt lat="55.656806" lon="37.460635"><time>1970-01-01T00:00:01.000Z</time></trkpt>
			<trkpt lat="55.657192" lon="37.461579"><time>1970-01-01T00:00:01.000Z</time></trkpt>
			<trkpt lat="55.657943" lon="37.462694"><time>1970-01-01T00:00:01.000Z</time></trkpt>
			<trkpt lat="55.658158" lon="37.463295"><time>1970-01-01T00:00:01.000Z</time></trkpt>
			<trkpt lat="55.658372" lon="37.463231"><time>1970-01-01T00:00:01.000Z</time></trkpt>
			<trkpt lat="55.658608" lon="37.463059"><time>1970-01-01T00:00:01.000Z</time></trkpt>
			<trkpt lat="55.658639" lon="37.462746"><time>1970-01-01T00:00:01.000Z</time></trkpt>
			<trkpt lat="55.658721" lon="37.462467"><time>1970-01-01T00:00:01.000Z</time></trkpt>
			<trkpt lat="55.658812" lon="37.461882"><time>1970-01-01T00:00:01.000Z</time></trkpt>
			<trkpt lat="55.659023" lon="37.461888"><time>1970-01-01T00:00:01.000Z</time></trkpt>
			<trkpt lat="55.659474" lon="37.461657"><time>1970-01-01T00:00:01.000Z</time></trkpt>
			<trkpt lat="55.659617" lon="37.461536"><time>1970-01-01T00:00:01.000Z</time></trkpt>
			<trkpt lat="55.660282" lon="37.460699"><time>1970-01-01T00:00:01.000Z</time></trkpt>
			<trkpt lat="55.660904" lon="37.460420"><time>1970-01-01T00:00:01.000Z</time></trkpt>
			<trkpt lat="55.661441" lon="37.460441"><time>1970-01-01T00:00:01.000Z</time></trkpt>
			<trkpt lat="55.661655" lon="37.460205"><time>1970-01-01T00:00:01.000Z</time></trkpt>
			<trkpt lat="55.661784" lon="37.459712"><time>1970-01-01T00:00:01.000Z</time></trkpt>
			<trkpt lat="55.662642" lon="37.459197"><time>1970-01-01T00:00:01.000Z</time></trkpt>
			<trkpt lat="55.662857" lon="37.460077"><time>1970-01-01T00:00:01.000Z</time></trkpt>
			<trkpt lat="55.662986" lon="37.459562"><time>1970-01-01T00:00:01.000Z</time></trkpt>
			<trkpt lat="55.663329" lon="37.459819"><time>1970-01-01T00:00:01.000Z</time></trkpt>
			<trkpt lat="55.663651" lon="37.459969"><time>1970-01-01T00:00:01.000Z</time></trkpt>
			<trkpt lat="55.663801" lon="37.460313"><time>1970-01-01T00:00:01.000Z</time></trkpt>
			<trkpt lat="55.664102" lon="37.460377"><time>1970-01-01T00:00:01.000Z</time></trkpt>
			<trkpt lat="55.664638" lon="37.459819"><time>1970-01-01T00:00:01.000Z</time></trkpt>
			<trkpt lat="55.665496" lon="37.459562"><time>1970-01-01T00:00:01.000Z</time></trkpt>
			<trkpt lat="55.665754" lon="37.459798"><time>1970-01-01T00:00:01.000Z</time></trkpt>
			<trkpt lat="55.665947" lon="37.459648"><time>1970-01-01T00:00:01.000Z</time></trkpt>
			<trkpt lat="55.666312" lon="37.459948"><time>1970-01-01T00:00:01.000Z</time></trkpt>
			<trkpt lat="55.666870" lon="37.460162"><time>1970-01-01T00:00:01.000Z</time></trkpt>
			<trkpt lat="55.667299" lon="37.459261"><time>1970-01-01T00:00:01.000Z</time></trkpt>
			<trkpt lat="55.668007" lon="37.458360"><time>1970-01-01T00:00:01.000Z</time></trkpt>
			<trkpt lat="55.668264" lon="37.457759"><time>1970-01-01T00:00:01.000Z</time></trkpt>
			<trkpt lat="55.668736" lon="37.457416"><time>1970-01-01T00:00:01.000Z</time></trkpt>
			<trkpt lat="55.669015" lon="37.457137"><time>1970-01-01T00:00:01.000Z</time></trkpt>
			<trkpt lat="55.669209" lon="37.456236"><time>1970-01-01T00:00:01.000Z</time></trkpt>
			<trkpt lat="55.669356" lon="37.456083"><time>1970-01-01T00:00:01.000Z</time></trkpt>
			<trkpt lat="55.669529" lon="37.455649"><time>1970-01-01T00:00:01.000Z</time></trkpt>
			<trkpt lat="55.669680" lon="37.454919"><time>1970-01-01T00:00:01.000Z</time></trkpt>
			<trkpt lat="55.669949" lon="37.454662"><time>1970-01-01T00:00:01.000Z</time></trkpt>
			<trkpt lat="55.670403" lon="37.454678"><time>1970-01-01T00:00:01.000Z</time></trkpt>
			<trkpt lat="55.670497" lon="37.454469"><time>1970-01-01T00:00:01.000Z</time></trkpt>
			<trkpt lat="55.670775" lon="37.454948"><time>1970-01-01T00:00:01.000Z</time></trkpt>
			<trkpt lat="55.671353" lon="37.454951"><time>1970-01-01T00:00:01.000Z</time></trkpt>
			<trkpt lat="55.671598" lon="37.454689"><time>1970-01-01T00:00:01.000Z</time></trkpt>
			<trkpt lat="55.671861" lon="37.455300"><time>1970-01-01T00:00:01.000Z</time></trkpt>
			<trkpt lat="55.672046" lon="37.455568"><time>1970-01-01T00:00:01.000Z</time></trkpt>
			<trkpt lat="55.672149" lon="37.455627"><time>1970-01-01T00:00:01.000Z</time></trkpt>
			<trkpt lat="55.673221" lon="37.458103"><time>1970-01-01T00:00:01.000Z</time></trkpt>
			<trkpt lat="55.673483" lon="37.457709"><time>1970-01-01T00:00:01.000Z</time></trkpt>
			<trkpt lat="55.673274" lon="37.457280"><time>1970-01-01T00:00:01.000Z</time></trkpt>
			<trkpt lat="55.673316" lon="37.457108"><time>1970-01-01T00:00:01.000Z</time></trkpt>
			<trkpt lat="55.673595" lon="37.457231"><time>1970-01-01T00:00:01.000Z</time></trkpt>
			<trkpt lat="55.673531" lon="37.457113"><time>1970-01-01T00:00:01.000Z</time></trkpt>
			<trkpt lat="55.673371" lon="37.456193"><time>1970-01-01T00:00:01.000Z</time></trkpt>
			<trkpt lat="55.673457" lon="37.455849"><time>1970-01-01T00:00:01.000Z</time></trkpt>
			<trkpt lat="55.673672" lon="37.455785"><time>1970-01-01T00:00:01.000Z</time></trkpt>
			<trkpt lat="55.674616" lon="37.456214"><time>1970-01-01T00:00:01.000Z</time></trkpt>
			<trkpt lat="55.675109" lon="37.456922"><time>1970-01-01T00:00:01.000Z</time></trkpt>
			<trkpt lat="55.675324" lon="37.457394"><time>1970-01-01T00:00:01.000Z</time></trkpt>
			<trkpt lat="55.675667" lon="37.457867"><time>1970-01-01T00:00:01.000Z</time></trkpt>
			<trkpt lat="55.676075" lon="37.458939"><time>1970-01-01T00:00:01.000Z</time></trkpt>
			<trkpt lat="55.676204" lon="37.459025"><time>1970-01-01T00:00:01.000Z</time></trkpt>
			<trkpt lat="55.676976" lon="37.459776"><time>1970-01-01T00:00:01.000Z</time></trkpt>
			<trkpt lat="55.677470" lon="37.459540"><time>1970-01-01T00:00:01.000Z</time></trkpt>
			<trkpt lat="55.678198" lon="37.459382"><time>1970-01-01T00:00:01.000Z</time></trkpt>
			<trkpt lat="55.678292" lon="37.459704"><time>1970-01-01T00:00:01.000Z</time></trkpt>
			<trkpt lat="55.678359" lon="37.461142"><time>1970-01-01T00:00:01.000Z</time></trkpt>
			<trkpt lat="55.679584" lon="37.461641"><time>1970-01-01T00:00:01.000Z</time></trkpt>
			<trkpt lat="55.680567" lon="37.461829"><time>1970-01-01T00:00:01.000Z</time></trkpt>
			<trkpt lat="55.681096" lon="37.462719"><time>1970-01-01T00:00:01.000Z</time></trkpt>
			<trkpt lat="55.681534" lon="37.463567"><time>1970-01-01T00:00:01.000Z</time></trkpt>
			<trkpt lat="55.681954" lon="37.463939"><time>1970-01-01T00:00:01.000Z</time></trkpt>
			<trkpt lat="55.681933" lon="37.464583"><time>1970-01-01T00:00:01.000Z</time></trkpt>
			<trkpt lat="55.681632" lon="37.464948"><time>1970-01-01T00:00:01.000Z</time></trkpt>
			<trkpt lat="55.680796" lon="37.466557"><time>1970-01-01T00:00:01.000Z</time></trkpt>
			<trkpt lat="55.680259" lon="37.467801"><time>1970-01-01T00:00:01.000Z</time></trkpt>
			<trkpt lat="55.680045" lon="37.467587"><time>1970-01-01T00:00:01.000Z</time></trkpt>
			<trkpt lat="55.679830" lon="37.468037"><time>1970-01-01T00:00:01.000Z</time></trkpt>
			<trkpt lat="55.679615" lon="37.467780"><time>1970-01-01T00:00:01.000Z</time></trkpt>
			<trkpt lat="55.678500" lon="37.469797"><time>1970-01-01T00:00:01.000Z</time></trkpt>
			<trkpt lat="55.678435" lon="37.470248"><time>1970-01-01T00:00:01.000Z</time></trkpt>
			<trkpt lat="55.678435" lon="37.470956"><time>1970-01-01T00:00:01.000Z</time></trkpt>
			<trkpt lat="55.678950" lon="37.471964"><time>1970-01-01T00:00:01.000Z</time></trkpt>
			<trkpt lat="55.679272" lon="37.472200"><time>1970-01-01T00:00:01.000Z</time></trkpt>
			<trkpt lat="55.679637" lon="37.472758"><time>1970-01-01T00:00:01.000Z</time></trkpt>
			<trkpt lat="55.680066" lon="37.472844"><time>1970-01-01T00:00:01.000Z</time></trkpt>
			<trkpt lat="55.680324" lon="37.473059"><time>1970-01-01T00:00:01.000Z</time></trkpt>
			<trkpt lat="55.680667" lon="37.473531"><time>1970-01-01T00:00:01.000Z</time></trkpt>
			<trkpt lat="55.680497" lon="37.473378"><time>1970-01-01T00:00:01.000Z</time></trkpt>
			<trkpt lat="55.680155" lon="37.473271"><time>1970-01-01T00:00:01.000Z</time></trkpt>
			<trkpt lat="55.679547" lon="37.473308"><time>1970-01-01T00:00:01.000Z</time></trkpt>
			<trkpt lat="55.678812" lon="37.473212"><time>1970-01-01T00:00:01.000Z</time></trkpt>
			<trkpt lat="55.678577" lon="37.473325"><time>1970-01-01T00:00:01.000Z</time></trkpt>
			<trkpt lat="55.678443" lon="37.473652"><time>1970-01-01T00:00:01.000Z</time></trkpt>
			<trkpt lat="55.678425" lon="37.474108"><time>1970-01-01T00:00:01.000Z</time></trkpt>
			<trkpt lat="55.678371" lon="37.474306"><time>1970-01-01T00:00:01.000Z</time></trkpt>
			<trkpt lat="55.678410" lon="37.475020"><time>1970-01-01T00:00:01.000Z</time></trkpt>
			<trkpt lat="55.678135" lon="37.475998"><time>1970-01-01T00:00:01.000Z</time></trkpt>
			<trkpt lat="55.677792" lon="37.477007"><time>1970-01-01T00:00:01.000Z</time></trkpt>
			<trkpt lat="55.677448" lon="37.477586"><time>1970-01-01T00:00:01.000Z</time></trkpt>
			<trkpt lat="55.676719" lon="37.478123"><time>1970-01-01T00:00:01.000Z</time></trkpt>
			<trkpt lat="55.676697" lon="37.478294"><time>1970-01-01T00:00:01.000Z</time></trkpt>
			<trkpt lat="55.676998" lon="37.479217"><time>1970-01-01T00:00:01.000Z</time></trkpt>
			<trkpt lat="55.676650" lon="37.480663"><time>1970-01-01T00:00:01.000Z</time></trkpt>
			<trkpt lat="55.676225" lon="37.482178"><time>1970-01-01T00:00:01.000Z</time></trkpt>
			<trkpt lat="55.678349" lon="37.480483"><time>1970-01-01T00:00:01.000Z</time></trkpt>
			<trkpt lat="55.678564" lon="37.479968"><time>1970-01-01T00:00:01.000Z</time></trkpt>
			<trkpt lat="55.679272" lon="37.479989"><time>1970-01-01T00:00:01.000Z</time></trkpt>
			<trkpt lat="55.680066" lon="37.480075"><time>1970-01-01T00:00:01.000Z</time></trkpt>
			<trkpt lat="55.680002" lon="37.481813"><time>1970-01-01T00:00:01.000Z</time></trkpt>
			<trkpt lat="55.679315" lon="37.482264"><time>1970-01-01T00:00:01.000Z</time></trkpt>
			<trkpt lat="55.679294" lon="37.482114"><time>1970-01-01T00:00:01.000Z</time></trkpt>
			<trkpt lat="55.679551" lon="37.481963"><time>1970-01-01T00:00:01.000Z</time></trkpt>
			<trkpt lat="55.679680" lon="37.482629"><time>1970-01-01T00:00:01.000Z</time></trkpt>
			<trkpt lat="55.678929" lon="37.483122"><time>1970-01-01T00:00:01.000Z</time></trkpt>
			<trkpt lat="55.679379" lon="37.485418"><time>1970-01-01T00:00:01.000Z</time></trkpt>
			<trkpt lat="55.680152" lon="37.486791"><time>1970-01-01T00:00:01.000Z</time></trkpt>
			<trkpt lat="55.680281" lon="37.487328"><time>1970-01-01T00:00:01.000Z</time></trkpt>
			<trkpt lat="55.680560" lon="37.487864"><time>1970-01-01T00:00:01.000Z</time></trkpt>
			<trkpt lat="55.680839" lon="37.488122"><time>1970-01-01T00:00:01.000Z</time></trkpt>
			<trkpt lat="55.681118" lon="37.488272"><time>1970-01-01T00:00:01.000Z</time></trkpt>
			<trkpt lat="55.681289" lon="37.488422"><time>1970-01-01T00:00:01.000Z</time></trkpt>
			<trkpt lat="55.681590" lon="37.489216"><time>1970-01-01T00:00:01.000Z</time></trkpt>
			<trkpt lat="55.682062" lon="37.490117"><time>1970-01-01T00:00:01.000Z</time></trkpt>
			<trkpt lat="55.682062" lon="37.491083"><time>1970-01-01T00:00:01.000Z</time></trkpt>
			<trkpt lat="55.682126" lon="37.491255"><time>1970-01-01T00:00:01.000Z</time></trkpt>
			<trkpt lat="55.683692" lon="37.494130"><time>1970-01-01T00:00:01.000Z</time></trkpt>
			<trkpt lat="55.683413" lon="37.495289"><time>1970-01-01T00:00:01.000Z</time></trkpt>
			<trkpt lat="55.683692" lon="37.497949"><time>1970-01-01T00:00:01.000Z</time></trkpt>
			<trkpt lat="55.683478" lon="37.497799"><time>1970-01-01T00:00:01.000Z</time></trkpt>
			<trkpt lat="55.682491" lon="37.497907"><time>1970-01-01T00:00:01.000Z</time></trkpt>
			<trkpt lat="55.682190" lon="37.498250"><time>1970-01-01T00:00:01.000Z</time></trkpt>
			<trkpt lat="55.682212" lon="37.498915"><time>1970-01-01T00:00:01.000Z</time></trkpt>
			<trkpt lat="55.682105" lon="37.499430"><time>1970-01-01T00:00:01.000Z</time></trkpt>
			<trkpt lat="55.681826" lon="37.499494"><time>1970-01-01T00:00:01.000Z</time></trkpt>
			<trkpt lat="55.681547" lon="37.499215"><time>1970-01-01T00:00:01.000Z</time></trkpt>
			<trkpt lat="55.681332" lon="37.499451"><time>1970-01-01T00:00:01.000Z</time></trkpt>
			<trkpt lat="55.681289" lon="37.499924"><time>1970-01-01T00:00:01.000Z</time></trkpt>
			<trkpt lat="55.681053" lon="37.500353"><time>1970-01-01T00:00:01.000Z</time></trkpt>
			<trkpt lat="55.680881" lon="37.500439"><time>1970-01-01T00:00:01.000Z</time></trkpt>
			<trkpt lat="55.680860" lon="37.500889"><time>1970-01-01T00:00:01.000Z</time></trkpt>
			<trkpt lat="55.680924" lon="37.501554"><time>1970-01-01T00:00:01.000Z</time></trkpt>
			<trkpt lat="55.680817" lon="37.501705"><time>1970-01-01T00:00:01.000Z</time></trkpt>
			<trkpt lat="55.680066" lon="37.502005"><time>1970-01-01T00:00:01.000Z</time></trkpt>
			<trkpt lat="55.679809" lon="37.502434"><time>1970-01-01T00:00:01.000Z</time></trkpt>
			<trkpt lat="55.679444" lon="37.503786"><time>1970-01-01T00:00:01.000Z</time></trkpt>
			<trkpt lat="55.679251" lon="37.504344"><time>1970-01-01T00:00:01.000Z</time></trkpt>
			<trkpt lat="55.678757" lon="37.505352"><time>1970-01-01T00:00:01.000Z</time></trkpt>
			<trkpt lat="55.678607" lon="37.505867"><time>1970-01-01T00:00:01.000Z</time></trkpt>
			<trkpt lat="55.678457" lon="37.507069"><time>1970-01-01T00:00:01.000Z</time></trkpt>
			<trkpt lat="55.678521" lon="37.507326"><time>1970-01-01T00:00:01.000Z</time></trkpt>
			<trkpt lat="55.678822" lon="37.507541"><time>1970-01-01T00:00:01.000Z</time></trkpt>
			<trkpt lat="55.679015" lon="37.507906"><time>1970-01-01T00:00:01.000Z</time></trkpt>
			<trkpt lat="55.679487" lon="37.508378"><time>1970-01-01T00:00:01.000Z</time></trkpt>
			<trkpt lat="55.679787" lon="37.508292"><time>1970-01-01T00:00:01.000Z</time></trkpt>
			<trkpt lat="55.680409" lon="37.507863"><time>1970-01-01T00:00:01.000Z</time></trkpt>
			<trkpt lat="55.681439" lon="37.507670"><time>1970-01-01T00:00:01.000Z</time></trkpt>
			<trkpt lat="55.682426" lon="37.507284"><time>1970-01-01T00:00:01.000Z</time></trkpt>
			<trkpt lat="55.682791" lon="37.508013"><time>1970-01-01T00:00:01.000Z</time></trkpt>
			<trkpt lat="55.683800" lon="37.506962"><time>1970-01-01T00:00:01.000Z</time></trkpt>
			<trkpt lat="55.684079" lon="37.506254"><time>1970-01-01T00:00:01.000Z</time></trkpt>
			<trkpt lat="55.685388" lon="37.505631"><time>1970-01-01T00:00:01.000Z</time></trkpt>
			<trkpt lat="55.685881" lon="37.505545"><time>1970-01-01T00:00:01.000Z</time></trkpt>
			<trkpt lat="55.686289" lon="37.505224"><time>1970-01-01T00:00:01.000Z</time></trkpt>
			<trkpt lat="55.686804" lon="37.504043"><time>1970-01-01T00:00:01.000Z</time></trkpt>
			<trkpt lat="55.686890" lon="37.502413"><time>1970-01-01T00:00:01.000Z</time></trkpt>
			<trkpt lat="55.686847" lon="37.501447"><time>1970-01-01T00:00:01.000Z</time></trkpt>
			<trkpt lat="55.686589" lon="37.500396"><time>1970-01-01T00:00:01.000Z</time></trkpt>
			<trkpt lat="55.686246" lon="37.499602"><time>1970-01-01T00:00:01.000Z</time></trkpt>
			<trkpt lat="55.685516" lon="37.499044"><time>1970-01-01T00:00:01.000Z</time></trkpt>
			<trkpt lat="55.685924" lon="37.498550"><time>1970-01-01T00:00:01.000Z</time></trkpt>
			<trkpt lat="55.687311" lon="37.497770"><time>1970-01-01T00:00:01.000Z</time></trkpt>
			<trkpt lat="55.687592" lon="37.497459"><time>1970-01-01T00:00:01.000Z</time></trkpt>
			<trkpt lat="55.688021" lon="37.496735"><time>1970-01-01T00:00:01.000Z</time></trkpt>
			<trkpt lat="55.688726" lon="37.497931"><time>1970-01-01T00:00:01.000Z</time></trkpt>
			<trkpt lat="55.689089" lon="37.499380"><time>1970-01-01T00:00:01.000Z</time></trkpt>
			<trkpt lat="55.689636" lon="37.500975"><time>1970-01-01T00:00:01.000Z</time></trkpt>
			<trkpt lat="55.690194" lon="37.501790"><time>1970-01-01T00:00:01.000Z</time></trkpt>
			<trkpt lat="55.690258" lon="37.502134"><time>1970-01-01T00:00:01.000Z</time></trkpt>
			<trkpt lat="55.690473" lon="37.502434"><time>1970-01-01T00:00:01.000Z</time></trkpt>
			<trkpt lat="55.690709" lon="37.503121"><time>1970-01-01T00:00:01.000Z</time></trkpt>
			<trkpt lat="55.691095" lon="37.502756"><time>1970-01-01T00:00:01.000Z</time></trkpt>
			<trkpt lat="55.691605" lon="37.503784"><time>1970-01-01T00:00:01.000Z</time></trkpt>
			<trkpt lat="55.696825" lon="37.513141"><time>1970-01-01T00:00:01.000Z</time></trkpt>
			<trkpt lat="55.697340" lon="37.513528"><time>1970-01-01T00:00:01.000Z</time></trkpt>
			<trkpt lat="55.697211" lon="37.514193"><time>1970-01-01T00:00:01.000Z</time></trkpt>
			<trkpt lat="55.697511" lon="37.514279"><time>1970-01-01T00:00:01.000Z</time></trkpt>
			<trkpt lat="55.697812" lon="37.514214"><time>1970-01-01T00:00:01.000Z</time></trkpt>
			<trkpt lat="55.698520" lon="37.514257"><time>1970-01-01T00:00:01.000Z</time></trkpt>
			<trkpt lat="55.698949" lon="37.514150"><time>1970-01-01T00:00:01.000Z</time></trkpt>
			<trkpt lat="55.699163" lon="37.514214"><time>1970-01-01T00:00:01.000Z</time></trkpt>
			<trkpt lat="55.699507" lon="37.514429"><time>1970-01-01T00:00:01.000Z</time></trkpt>
			<trkpt lat="55.699743" lon="37.514493"><time>1970-01-01T00:00:01.000Z</time></trkpt>
			<trkpt lat="55.699979" lon="37.514407"><time>1970-01-01T00:00:01.000Z</time></trkpt>
			<trkpt lat="55.700408" lon="37.514536"><time>1970-01-01T00:00:01.000Z</time></trkpt>
			<trkpt lat="55.701052" lon="37.514322"><time>1970-01-01T00:00:01.000Z</time></trkpt>
			<trkpt lat="55.702382" lon="37.516703"><time>1970-01-01T00:00:01.000Z</time></trkpt>
			<trkpt lat="55.702554" lon="37.516832"><time>1970-01-01T00:00:01.000Z</time></trkpt>
			<trkpt lat="55.702790" lon="37.517369"><time>1970-01-01T00:00:01.000Z</time></trkpt>
			<trkpt lat="55.702897" lon="37.517884"><time>1970-01-01T00:00:01.000Z</time></trkpt>
			<trkpt lat="55.702983" lon="37.518077"><time>1970-01-01T00:00:01.000Z</time></trkpt>
			<trkpt lat="55.701331" lon="37.521038"><time>1970-01-01T00:00:01.000Z</time></trkpt>
			<trkpt lat="55.701889" lon="37.521961"><time>1970-01-01T00:00:01.000Z</time></trkpt>
			<trkpt lat="55.701605" lon="37.522495"><time>1970-01-01T00:00:01.000Z</time></trkpt>
			<trkpt lat="55.705794" lon="37.530050"><time>1970-01-01T00:00:01.000Z</time></trkpt>
			<trkpt lat="55.705444" lon="37.530659"><time>1970-01-01T00:00:01.000Z</time></trkpt>
			<trkpt lat="55.706016" lon="37.531775"><time>1970-01-01T00:00:01.000Z</time></trkpt>
			<trkpt lat="55.705187" lon="37.533234"><time>1970-01-01T00:00:01.000Z</time></trkpt>
			<trkpt lat="55.706266" lon="37.535329"><time>1970-01-01T00:00:01.000Z</time></trkpt>
			<trkpt lat="55.706910" lon="37.536402"><time>1970-01-01T00:00:01.000Z</time></trkpt>
			<trkpt lat="55.707038" lon="37.536101"><time>1970-01-01T00:00:01.000Z</time></trkpt>
			<trkpt lat="55.709463" lon="37.540457"><time>1970-01-01T00:00:01.000Z</time></trkpt>
			<trkpt lat="55.709334" lon="37.540715"><time>1970-01-01T00:00:01.000Z</time></trkpt>
			<trkpt lat="55.709721" lon="37.541315"><time>1970-01-01T00:00:01.000Z</time></trkpt>
			<trkpt lat="55.708927" lon="37.542689"><time>1970-01-01T00:00:01.000Z</time></trkpt>
			<trkpt lat="55.708240" lon="37.544041"><time>1970-01-01T00:00:01.000Z</time></trkpt>
			<trkpt lat="55.707639" lon="37.545864"><time>1970-01-01T00:00:01.000Z</time></trkpt>
			<trkpt lat="55.707232" lon="37.547603"><time>1970-01-01T00:00:01.000Z</time></trkpt>
			<trkpt lat="55.706759" lon="37.550821"><time>1970-01-01T00:00:01.000Z</time></trkpt>
			<trkpt lat="55.706523" lon="37.553396"><time>1970-01-01T00:00:01.000Z</time></trkpt>
			<trkpt lat="55.706416" lon="37.555027"><time>1970-01-01T00:00:01.000Z</time></trkpt>
			<trkpt lat="55.706223" lon="37.560134"><time>1970-01-01T00:00:01.000Z</time></trkpt>
			<trkpt lat="55.707510" lon="37.559962"><time>1970-01-01T00:00:01.000Z</time></trkpt>
			<trkpt lat="55.707639" lon="37.559855"><time>1970-01-01T00:00:01.000Z</time></trkpt>
			<trkpt lat="55.707704" lon="37.559619"><time>1970-01-01T00:00:01.000Z</time></trkpt>
			<trkpt lat="55.707553" lon="37.558889"><time>1970-01-01T00:00:01.000Z</time></trkpt>
			<trkpt lat="55.707532" lon="37.558503"><time>1970-01-01T00:00:01.000Z</time></trkpt>
			<trkpt lat="55.707661" lon="37.556786"><time>1970-01-01T00:00:01.000Z</time></trkpt>
			<trkpt lat="55.707875" lon="37.555735"><time>1970-01-01T00:00:01.000Z</time></trkpt>
			<trkpt lat="55.708090" lon="37.554962"><time>1970-01-01T00:00:01.000Z</time></trkpt>
			<trkpt lat="55.708905" lon="37.553396"><time>1970-01-01T00:00:01.000Z</time></trkpt>
			<trkpt lat="55.709291" lon="37.552860"><time>1970-01-01T00:00:01.000Z</time></trkpt>
			<trkpt lat="55.709957" lon="37.551508"><time>1970-01-01T00:00:01.000Z</time></trkpt>
			<trkpt lat="55.710364" lon="37.549534"><time>1970-01-01T00:00:01.000Z</time></trkpt>
			<trkpt lat="55.711351" lon="37.546873"><time>1970-01-01T00:00:01.000Z</time></trkpt>
			<trkpt lat="55.712875" lon="37.543912"><time>1970-01-01T00:00:01.000Z</time></trkpt>
			<trkpt lat="55.713712" lon="37.542603"><time>1970-01-01T00:00:01.000Z</time></trkpt>
			<trkpt lat="55.714291" lon="37.541830"><time>1970-01-01T00:00:01.000Z</time></trkpt>
			<trkpt lat="55.714677" lon="37.541358"><time>1970-01-01T00:00:01.000Z</time></trkpt>
			<trkpt lat="55.715257" lon="37.540951"><time>1970-01-01T00:00:01.000Z</time></trkpt>
			<trkpt lat="55.715900" lon="37.540586"><time>1970-01-01T00:00:01.000Z</time></trkpt>
			<trkpt lat="55.718003" lon="37.539577"><time>1970-01-01T00:00:01.000Z</time></trkpt>
			<trkpt lat="55.718368" lon="37.539470"><time>1970-01-01T00:00:01.000Z</time></trkpt>
			<trkpt lat="55.718819" lon="37.539513"><time>1970-01-01T00:00:01.000Z</time></trkpt>
			<trkpt lat="55.719913" lon="37.539341"><time>1970-01-01T00:00:01.000Z</time></trkpt>
			<trkpt lat="55.723067" lon="37.539642"><time>1970-01-01T00:00:01.000Z</time></trkpt>
			<trkpt lat="55.724290" lon="37.540264"><time>1970-01-01T00:00:01.000Z</time></trkpt>
			<trkpt lat="55.727209" lon="37.542388"><time>1970-01-01T00:00:01.000Z</time></trkpt>
			<trkpt lat="55.727402" lon="37.542410"><time>1970-01-01T00:00:01.000Z</time></trkpt>
			<trkpt lat="55.727616" lon="37.542195"><time>1970-01-01T00:00:01.000Z</time></trkpt>
			<trkpt lat="55.727895" lon="37.541509"><time>1970-01-01T00:00:01.000Z</time></trkpt>
			<trkpt lat="55.728045" lon="37.541337"><time>1970-01-01T00:00:01.000Z</time></trkpt>
			<trkpt lat="55.727960" lon="37.540543"><time>1970-01-01T00:00:01.000Z</time></trkpt>
			<trkpt lat="55.727659" lon="37.538698"><time>1970-01-01T00:00:01.000Z</time></trkpt>
			<trkpt lat="55.727273" lon="37.537560"><time>1970-01-01T00:00:01.000Z</time></trkpt>
			<trkpt lat="55.726543" lon="37.536101"><time>1970-01-01T00:00:01.000Z</time></trkpt>
			<trkpt lat="55.726822" lon="37.535565"><time>1970-01-01T00:00:01.000Z</time></trkpt>
			<trkpt lat="55.725986" lon="37.533612"><time>1970-01-01T00:00:01.000Z</time></trkpt>
			<trkpt lat="55.727423" lon="37.531016"><time>1970-01-01T00:00:01.000Z</time></trkpt>
			<trkpt lat="55.727947" lon="37.531974"><time>1970-01-01T00:00:01.000Z</time></trkpt>
			<trkpt lat="55.728067" lon="37.534664"><time>1970-01-01T00:00:01.000Z</time></trkpt>
			<trkpt lat="55.728167" lon="37.535214"><time>1970-01-01T00:00:01.000Z</time></trkpt>
			<trkpt lat="55.728491" lon="37.535868"><time>1970-01-01T00:00:01.000Z</time></trkpt>
			<trkpt lat="55.728714" lon="37.535713"><time>1970-01-01T00:00:01.000Z</time></trkpt>
			<trkpt lat="55.728892" lon="37.535251"><time>1970-01-01T00:00:01.000Z</time></trkpt>
			<trkpt lat="55.729011" lon="37.535179"><time>1970-01-01T00:00:01.000Z</time></trkpt>
			<trkpt lat="55.729290" lon="37.535157"><time>1970-01-01T00:00:01.000Z</time></trkpt>
			<trkpt lat="55.729440" lon="37.535050"><time>1970-01-01T00:00:01.000Z</time></trkpt>
			<trkpt lat="55.729569" lon="37.534256"><time>1970-01-01T00:00:01.000Z</time></trkpt>
			<trkpt lat="55.729590" lon="37.533805"><time>1970-01-01T00:00:01.000Z</time></trkpt>
			<trkpt lat="55.729376" lon="37.533140"><time>1970-01-01T00:00:01.000Z</time></trkpt>
			<trkpt lat="55.729161" lon="37.530973"><time>1970-01-01T00:00:01.000Z</time></trkpt>
			<trkpt lat="55.729247" lon="37.530393"><time>1970-01-01T00:00:01.000Z</time></trkpt>
			<trkpt lat="55.729269" lon="37.529557"><time>1970-01-01T00:00:01.000Z</time></trkpt>
			<trkpt lat="55.729419" lon="37.529149"><time>1970-01-01T00:00:01.000Z</time></trkpt>
			<trkpt lat="55.729633" lon="37.529578"><time>1970-01-01T00:00:01.000Z</time></trkpt>
			<trkpt lat="55.729784" lon="37.529707"><time>1970-01-01T00:00:01.000Z</time></trkpt>
			<trkpt lat="55.729805" lon="37.529900"><time>1970-01-01T00:00:01.000Z</time></trkpt>
			<trkpt lat="55.730084" lon="37.530243"><time>1970-01-01T00:00:01.000Z</time></trkpt>
			<trkpt lat="55.730513" lon="37.530286"><time>1970-01-01T00:00:01.000Z</time></trkpt>
			<trkpt lat="55.730792" lon="37.530243"><time>1970-01-01T00:00:01.000Z</time></trkpt>
			<trkpt lat="55.730942" lon="37.530093"><time>1970-01-01T00:00:01.000Z</time></trkpt>
			<trkpt lat="55.731135" lon="37.529385"><time>1970-01-01T00:00:01.000Z</time></trkpt>
			<trkpt lat="55.731200" lon="37.528462"><time>1970-01-01T00:00:01.000Z</time></trkpt>
			<trkpt lat="55.730878" lon="37.527025"><time>1970-01-01T00:00:01.000Z</time></trkpt>
			<trkpt lat="55.730427" lon="37.525587"><time>1970-01-01T00:00:01.000Z</time></trkpt>
			<trkpt lat="55.730299" lon="37.525308"><time>1970-01-01T00:00:01.000Z</time></trkpt>
			<trkpt lat="55.728968" lon="37.520201"><time>1970-01-01T00:00:01.000Z</time></trkpt>
			<trkpt lat="55.728389" lon="37.518978"><time>1970-01-01T00:00:01.000Z</time></trkpt>
			<trkpt lat="55.728067" lon="37.518484"><time>1970-01-01T00:00:01.000Z</time></trkpt>
			<trkpt lat="55.727923" lon="37.518359"><time>1970-01-01T00:00:01.000Z</time></trkpt>
			<trkpt lat="55.727917" lon="37.518874"><time>1970-01-01T00:00:01.000Z</time></trkpt>
			<trkpt lat="55.727702" lon="37.518804"><time>1970-01-01T00:00:01.000Z</time></trkpt>
			<trkpt lat="55.726657" lon="37.518976"><time>1970-01-01T00:00:01.000Z</time></trkpt>
			<trkpt lat="55.725035" lon="37.519169"><time>1970-01-01T00:00:01.000Z</time></trkpt>
			<trkpt lat="55.724826" lon="37.519067"><time>1970-01-01T00:00:01.000Z</time></trkpt>
			<trkpt lat="55.723361" lon="37.516444"><time>1970-01-01T00:00:01.000Z</time></trkpt>
			<trkpt lat="55.723411" lon="37.516167"><time>1970-01-01T00:00:01.000Z</time></trkpt>
			<trkpt lat="55.723346" lon="37.515867"><time>1970-01-01T00:00:01.000Z</time></trkpt>
			<trkpt lat="55.723411" lon="37.515652"><time>1970-01-01T00:00:01.000Z</time></trkpt>
			<trkpt lat="55.723518" lon="37.514858"><time>1970-01-01T00:00:01.000Z</time></trkpt>
			<trkpt lat="55.723861" lon="37.514472"><time>1970-01-01T00:00:01.000Z</time></trkpt>
			<trkpt lat="55.723947" lon="37.514000"><time>1970-01-01T00:00:01.000Z</time></trkpt>
			<trkpt lat="55.723947" lon="37.513571"><time>1970-01-01T00:00:01.000Z</time></trkpt>
			<trkpt lat="55.723861" lon="37.512927"><time>1970-01-01T00:00:01.000Z</time></trkpt>
			<trkpt lat="55.723518" lon="37.512004"><time>1970-01-01T00:00:01.000Z</time></trkpt>
			<trkpt lat="55.723110" lon="37.511189"><time>1970-01-01T00:00:01.000Z</time></trkpt>
			<trkpt lat="55.722874" lon="37.509987"><time>1970-01-01T00:00:01.000Z</time></trkpt>
			<trkpt lat="55.722939" lon="37.509301"><time>1970-01-01T00:00:01.000Z</time></trkpt>
			<trkpt lat="55.722874" lon="37.508464"><time>1970-01-01T00:00:01.000Z</time></trkpt>
			<trkpt lat="55.722574" lon="37.507627"><time>1970-01-01T00:00:01.000Z</time></trkpt>
			<trkpt lat="55.722424" lon="37.506575"><time>1970-01-01T00:00:01.000Z</time></trkpt>
			<trkpt lat="55.722080" lon="37.506425"><time>1970-01-01T00:00:01.000Z</time></trkpt>
			<trkpt lat="55.721844" lon="37.506618"><time>1970-01-01T00:00:01.000Z</time></trkpt>
			<trkpt lat="55.721265" lon="37.507884"><time>1970-01-01T00:00:01.000Z</time></trkpt>
			<trkpt lat="55.720900" lon="37.506575"><time>1970-01-01T00:00:01.000Z</time></trkpt>
			<trkpt lat="55.720278" lon="37.507219"><time>1970-01-01T00:00:01.000Z</time></trkpt>
			<trkpt lat="55.719849" lon="37.508271"><time>1970-01-01T00:00:01.000Z</time></trkpt>
			<trkpt lat="55.719591" lon="37.508485"><time>1970-01-01T00:00:01.000Z</time></trkpt>
			<trkpt lat="55.719205" lon="37.508592"><time>1970-01-01T00:00:01.000Z</time></trkpt>
			<trkpt lat="55.718754" lon="37.508507"><time>1970-01-01T00:00:01.000Z</time></trkpt>
			<trkpt lat="55.718046" lon="37.507348"><time>1970-01-01T00:00:01.000Z</time></trkpt>
			<trkpt lat="55.717596" lon="37.506018"><time>1970-01-01T00:00:01.000Z</time></trkpt>
			<trkpt lat="55.717982" lon="37.504923"><time>1970-01-01T00:00:01.000Z</time></trkpt>
			<trkpt lat="55.718282" lon="37.504430"><time>1970-01-01T00:00:01.000Z</time></trkpt>
			<trkpt lat="55.718347" lon="37.503915"><time>1970-01-01T00:00:01.000Z</time></trkpt>
			<trkpt lat="55.719355" lon="37.502005"><time>1970-01-01T00:00:01.000Z</time></trkpt>
			<trkpt lat="55.720278" lon="37.500996"><time>1970-01-01T00:00:01.000Z</time></trkpt>
			<trkpt lat="55.721222" lon="37.500245"><time>1970-01-01T00:00:01.000Z</time></trkpt>
			<trkpt lat="55.722359" lon="37.499173"><time>1970-01-01T00:00:01.000Z</time></trkpt>
			<trkpt lat="55.723732" lon="37.497971"><time>1970-01-01T00:00:01.000Z</time></trkpt>
			<trkpt lat="55.724125" lon="37.497711"><time>1970-01-01T00:00:01.000Z</time></trkpt>
			<trkpt lat="55.727037" lon="37.495010"><time>1970-01-01T00:00:01.000Z</time></trkpt>
			<trkpt lat="55.727144" lon="37.495224"><time>1970-01-01T00:00:01.000Z</time></trkpt>
			<trkpt lat="55.727423" lon="37.496018"><time>1970-01-01T00:00:01.000Z</time></trkpt>
			<trkpt lat="55.728796" lon="37.499537"><time>1970-01-01T00:00:01.000Z</time></trkpt>
			<trkpt lat="55.728389" lon="37.501876"><time>1970-01-01T00:00:01.000Z</time></trkpt>
			<trkpt lat="55.728303" lon="37.503958"><time>1970-01-01T00:00:01.000Z</time></trkpt>
			<trkpt lat="55.728732" lon="37.507112"><time>1970-01-01T00:00:01.000Z</time></trkpt>
			<trkpt lat="55.729397" lon="37.508850"><time>1970-01-01T00:00:01.000Z</time></trkpt>
			<trkpt lat="55.730277" lon="37.510288"><time>1970-01-01T00:00:01.000Z</time></trkpt>
			<trkpt lat="55.731135" lon="37.510974"><time>1970-01-01T00:00:01.000Z</time></trkpt>
			<trkpt lat="55.731822" lon="37.511103"><time>1970-01-01T00:00:01.000Z</time></trkpt>
			<trkpt lat="55.732144" lon="37.511017"><time>1970-01-01T00:00:01.000Z</time></trkpt>
			<trkpt lat="55.732916" lon="37.510245"><time>1970-01-01T00:00:01.000Z</time></trkpt>
			<trkpt lat="55.733667" lon="37.509279"><time>1970-01-01T00:00:01.000Z</time></trkpt>
			<trkpt lat="55.733131" lon="37.506254"><time>1970-01-01T00:00:01.000Z</time></trkpt>
			<trkpt lat="55.734054" lon="37.505631"><time>1970-01-01T00:00:01.000Z</time></trkpt>
			<trkpt lat="55.733860" lon="37.505803"><time>1970-01-01T00:00:01.000Z</time></trkpt>
			<trkpt lat="55.734440" lon="37.505460"><time>1970-01-01T00:00:01.000Z</time></trkpt>
			<trkpt lat="55.734418" lon="37.505181"><time>1970-01-01T00:00:01.000Z</time></trkpt>
			<trkpt lat="55.734719" lon="37.504923"><time>1970-01-01T00:00:01.000Z</time></trkpt>
			<trkpt lat="55.734569" lon="37.504065"><time>1970-01-01T00:00:01.000Z</time></trkpt>
			<trkpt lat="55.735084" lon="37.503636"><time>1970-01-01T00:00:01.000Z</time></trkpt>
			<trkpt lat="55.734890" lon="37.502949"><time>1970-01-01T00:00:01.000Z</time></trkpt>
			<trkpt lat="55.735877" lon="37.501962"><time>1970-01-01T00:00:01.000Z</time></trkpt>
			<trkpt lat="55.735084" lon="37.499108"><time>1970-01-01T00:00:01.000Z</time></trkpt>
			<trkpt lat="55.734912" lon="37.498228"><time>1970-01-01T00:00:01.000Z</time></trkpt>
			<trkpt lat="55.734912" lon="37.497370"><time>1970-01-01T00:00:01.000Z</time></trkpt>
			<trkpt lat="55.735491" lon="37.496855"><time>1970-01-01T00:00:01.000Z</time></trkpt>
			<trkpt lat="55.734890" lon="37.494709"><time>1970-01-01T00:00:01.000Z</time></trkpt>
			<trkpt lat="55.735062" lon="37.494581"><time>1970-01-01T00:00:01.000Z</time></trkpt>
			<trkpt lat="55.734976" lon="37.494302"><time>1970-01-01T00:00:01.000Z</time></trkpt>
			<trkpt lat="55.740105" lon="37.489774"><time>1970-01-01T00:00:01.000Z</time></trkpt>
			<trkpt lat="55.741392" lon="37.488444"><time>1970-01-01T00:00:01.000Z</time></trkpt>
			<trkpt lat="55.741306" lon="37.488100"><time>1970-01-01T00:00:01.000Z</time></trkpt>
			<trkpt lat="55.744375" lon="37.485053"><time>1970-01-01T00:00:01.000Z</time></trkpt>
			<trkpt lat="55.744482" lon="37.485397"><time>1970-01-01T00:00:01.000Z</time></trkpt>
			<trkpt lat="55.744825" lon="37.485268"><time>1970-01-01T00:00:01.000Z</time></trkpt>
			<trkpt lat="55.746585" lon="37.487092"><time>1970-01-01T00:00:01.000Z</time></trkpt>
			<trkpt lat="55.747035" lon="37.488122"><time>1970-01-01T00:00:01.000Z</time></trkpt>
			<trkpt lat="55.747379" lon="37.488594"><time>1970-01-01T00:00:01.000Z</time></trkpt>
			<trkpt lat="55.749772" lon="37.491038"><time>1970-01-01T00:00:01.000Z</time></trkpt>
			<trkpt lat="55.750666" lon="37.491488"><time>1970-01-01T00:00:01.000Z</time></trkpt>
			<trkpt lat="55.751284" lon="37.491491"><time>1970-01-01T00:00:01.000Z</time></trkpt>
			<trkpt lat="55.752185" lon="37.492092"><time>1970-01-01T00:00:01.000Z</time></trkpt>
			<trkpt lat="55.752593" lon="37.491898"><time>1970-01-01T00:00:01.000Z</time></trkpt>
			<trkpt lat="55.752636" lon="37.491169"><time>1970-01-01T00:00:01.000Z</time></trkpt>
			<trkpt lat="55.752314" lon="37.490311"><time>1970-01-01T00:00:01.000Z</time></trkpt>
			<trkpt lat="55.752369" lon="37.487197"><time>1970-01-01T00:00:01.000Z</time></trkpt>
			<trkpt lat="55.752538" lon="37.486135"><time>1970-01-01T00:00:01.000Z</time></trkpt>
			<trkpt lat="55.752610" lon="37.484686"><time>1970-01-01T00:00:01.000Z</time></trkpt>
			<trkpt lat="55.752520" lon="37.483914"><time>1970-01-01T00:00:01.000Z</time></trkpt>
			<trkpt lat="55.752332" lon="37.482895"><time>1970-01-01T00:00:01.000Z</time></trkpt>
			<trkpt lat="55.752272" lon="37.481897"><time>1970-01-01T00:00:01.000Z</time></trkpt>
			<trkpt lat="55.752332" lon="37.480878"><time>1970-01-01T00:00:01.000Z</time></trkpt>
			<trkpt lat="55.752181" lon="37.480180"><time>1970-01-01T00:00:01.000Z</time></trkpt>
			<trkpt lat="55.752109" lon="37.480094"><time>1970-01-01T00:00:01.000Z</time></trkpt>
			<trkpt lat="55.751034" lon="37.480674"><time>1970-01-01T00:00:01.000Z</time></trkpt>
			<trkpt lat="55.750129" lon="37.480921"><time>1970-01-01T00:00:01.000Z</time></trkpt>
			<trkpt lat="55.749682" lon="37.480867"><time>1970-01-01T00:00:01.000Z</time></trkpt>
			<trkpt lat="55.749356" lon="37.479934"><time>1970-01-01T00:00:01.000Z</time></trkpt>
			<trkpt lat="55.749072" lon="37.479451"><time>1970-01-01T00:00:01.000Z</time></trkpt>
			<trkpt lat="55.746177" lon="37.476342"><time>1970-01-01T00:00:01.000Z</time></trkpt>
			<trkpt lat="55.746385" lon="37.475803"><time>1970-01-01T00:00:01.000Z</time></trkpt>
			<trkpt lat="55.746554" lon="37.475690"><time>1970-01-01T00:00:01.000Z</time></trkpt>
			<trkpt lat="55.747152" lon="37.476184"><time>1970-01-01T00:00:01.000Z</time></trkpt>
			<trkpt lat="55.748205" lon="37.475948"><time>1970-01-01T00:00:01.000Z</time></trkpt>
			<trkpt lat="55.748951" lon="37.475894"><time>1970-01-01T00:00:01.000Z</time></trkpt>
			<trkpt lat="55.749362" lon="37.475706"><time>1970-01-01T00:00:01.000Z</time></trkpt>
			<trkpt lat="55.747943" lon="37.474365"><time>1970-01-01T00:00:01.000Z</time></trkpt>
			<trkpt lat="55.746714" lon="37.473019"><time>1970-01-01T00:00:01.000Z</time></trkpt>
			<trkpt lat="55.745726" lon="37.471501"><time>1970-01-01T00:00:01.000Z</time></trkpt>
			<trkpt lat="55.743595" lon="37.467488"><time>1970-01-01T00:00:01.000Z</time></trkpt>
			<trkpt lat="55.742399" lon="37.464956"><time>1970-01-01T00:00:01.000Z</time></trkpt>
			<trkpt lat="55.742018" lon="37.463958"><time>1970-01-01T00:00:01.000Z</time></trkpt>
			<trkpt lat="55.741783" lon="37.463164"><time>1970-01-01T00:00:01.000Z</time></trkpt>
			<trkpt lat="55.741058" lon="37.460203"><time>1970-01-01T00:00:01.000Z</time></trkpt>
			<trkpt lat="55.740303" lon="37.456877"><time>1970-01-01T00:00:01.000Z</time></trkpt>
			<trkpt lat="55.740148" lon="37.454884"><time>1970-01-01T00:00:01.000Z</time></trkpt>
			<trkpt lat="55.740148" lon="37.452094"><time>1970-01-01T00:00:01.000Z</time></trkpt>
			<trkpt lat="55.740233" lon="37.451150"><time>1970-01-01T00:00:01.000Z</time></trkpt>
			<trkpt lat="55.740705" lon="37.448919"><time>1970-01-01T00:00:01.000Z</time></trkpt>
			<trkpt lat="55.741800" lon="37.445142"><time>1970-01-01T00:00:01.000Z</time></trkpt>
			<trkpt lat="55.743001" lon="37.442374"><time>1970-01-01T00:00:01.000Z</time></trkpt>
			<trkpt lat="55.745061" lon="37.438619"><time>1970-01-01T00:00:01.000Z</time></trkpt>
			<trkpt lat="55.746134" lon="37.436774"><time>1970-01-01T00:00:01.000Z</time></trkpt>
			<trkpt lat="55.746993" lon="37.435379"><time>1970-01-01T00:00:01.000Z</time></trkpt>
			<trkpt lat="55.747572" lon="37.434928"><time>1970-01-01T00:00:01.000Z</time></trkpt>
			<trkpt lat="55.749117" lon="37.435465"><time>1970-01-01T00:00:01.000Z</time></trkpt>
			<trkpt lat="55.749632" lon="37.435829"><time>1970-01-01T00:00:01.000Z</time></trkpt>
			<trkpt lat="55.750597" lon="37.437610"><time>1970-01-01T00:00:01.000Z</time></trkpt>
			<trkpt lat="55.751713" lon="37.439198"><time>1970-01-01T00:00:01.000Z</time></trkpt>
			<trkpt lat="55.752057" lon="37.440400"><time>1970-01-01T00:00:01.000Z</time></trkpt>
			<trkpt lat="55.752700" lon="37.442953"><time>1970-01-01T00:00:01.000Z</time></trkpt>
			<trkpt lat="55.753631" lon="37.446991"><time>1970-01-01T00:00:01.000Z</time></trkpt>
			<trkpt lat="55.753824" lon="37.447618"><time>1970-01-01T00:00:01.000Z</time></trkpt>
			<trkpt lat="55.754101" lon="37.447844"><time>1970-01-01T00:00:01.000Z</time></trkpt>
			<trkpt lat="55.754965" lon="37.447307"><time>1970-01-01T00:00:01.000Z</time></trkpt>
			<trkpt lat="55.756863" lon="37.446923"><time>1970-01-01T00:00:01.000Z</time></trkpt>
			<trkpt lat="55.757807" lon="37.444734"><time>1970-01-01T00:00:01.000Z</time></trkpt>
			<trkpt lat="55.758666" lon="37.443275"><time>1970-01-01T00:00:01.000Z</time></trkpt>
			<trkpt lat="55.759009" lon="37.443168"><time>1970-01-01T00:00:01.000Z</time></trkpt>
			<trkpt lat="55.763791" lon="37.445333"><time>1970-01-01T00:00:01.000Z</time></trkpt>
			<trkpt lat="55.771987" lon="37.448959"><time>1970-01-01T00:00:01.000Z</time></trkpt>
			<trkpt lat="55.773214" lon="37.449584"><time>1970-01-01T00:00:01.000Z</time></trkpt>
			<trkpt lat="55.774051" lon="37.446601"><time>1970-01-01T00:00:01.000Z</time></trkpt>
			<trkpt lat="55.774458" lon="37.442117"><time>1970-01-01T00:00:01.000Z</time></trkpt>
			<trkpt lat="55.773772" lon="37.441280"><time>1970-01-01T00:00:01.000Z</time></trkpt>
			<trkpt lat="55.773600" lon="37.440529"><time>1970-01-01T00:00:01.000Z</time></trkpt>
			<trkpt lat="55.773622" lon="37.439713"><time>1970-01-01T00:00:01.000Z</time></trkpt>
			<trkpt lat="55.773750" lon="37.438919"><time>1970-01-01T00:00:01.000Z</time></trkpt>
			<trkpt lat="55.773622" lon="37.438319"><time>1970-01-01T00:00:01.000Z</time></trkpt>
			<trkpt lat="55.773922" lon="37.437954"><time>1970-01-01T00:00:01.000Z</time></trkpt>
			<trkpt lat="55.773514" lon="37.436623"><time>1970-01-01T00:00:01.000Z</time></trkpt>
			<trkpt lat="55.773214" lon="37.434993"><time>1970-01-01T00:00:01.000Z</time></trkpt>
			<trkpt lat="55.773107" lon="37.433941"><time>1970-01-01T00:00:01.000Z</time></trkpt>
			<trkpt lat="55.773085" lon="37.430765"><time>1970-01-01T00:00:01.000Z</time></trkpt>
			<trkpt lat="55.773192" lon="37.430165"><time>1970-01-01T00:00:01.000Z</time></trkpt>
			<trkpt lat="55.773450" lon="37.427525"><time>1970-01-01T00:00:01.000Z</time></trkpt>
			<trkpt lat="55.773493" lon="37.425423"><time>1970-01-01T00:00:01.000Z</time></trkpt>
			<trkpt lat="55.773343" lon="37.424779"><time>1970-01-01T00:00:01.000Z</time></trkpt>
			<trkpt lat="55.773149" lon="37.424285"><time>1970-01-01T00:00:01.000Z</time></trkpt>
			<trkpt lat="55.773342" lon="37.423988"><time>1970-01-01T00:00:01.000Z</time></trkpt>
			<trkpt lat="55.773517" lon="37.423570"><time>1970-01-01T00:00:01.000Z</time></trkpt>
			<trkpt lat="55.773616" lon="37.423038"><time>1970-01-01T00:00:01.000Z</time></trkpt>
			<trkpt lat="55.773616" lon="37.422904"><time>1970-01-01T00:00:01.000Z</time></trkpt>
			<trkpt lat="55.773514" lon="37.422663"><time>1970-01-01T00:00:01.000Z</time></trkpt>
			<trkpt lat="55.773495" lon="37.422502"><time>1970-01-01T00:00:01.000Z</time></trkpt>
			<trkpt lat="55.773613" lon="37.421815"><time>1970-01-01T00:00:01.000Z</time></trkpt>
			<trkpt lat="55.773601" lon="37.421193"><time>1970-01-01T00:00:01.000Z</time></trkpt>
			<trkpt lat="55.773511" lon="37.419949"><time>1970-01-01T00:00:01.000Z</time></trkpt>
			<trkpt lat="55.773317" lon="37.419122"><time>1970-01-01T00:00:01.000Z</time></trkpt>
			<trkpt lat="55.773320" lon="37.418881"><time>1970-01-01T00:00:01.000Z</time></trkpt>
			<trkpt lat="55.773025" lon="37.417438"><time>1970-01-01T00:00:01.000Z</time></trkpt>
			<trkpt lat="55.773100" lon="37.416242"><time>1970-01-01T00:00:01.000Z</time></trkpt>
			<trkpt lat="55.772922" lon="37.414976"><time>1970-01-01T00:00:01.000Z</time></trkpt>
			<trkpt lat="55.772940" lon="37.414305"><time>1970-01-01T00:00:01.000Z</time></trkpt>
			<trkpt lat="55.772720" lon="37.413919"><time>1970-01-01T00:00:01.000Z</time></trkpt>
			<trkpt lat="55.772642" lon="37.413501"><time>1970-01-01T00:00:01.000Z</time></trkpt>
			<trkpt lat="55.772636" lon="37.412530"><time>1970-01-01T00:00:01.000Z</time></trkpt>
			<trkpt lat="55.772570" lon="37.411196"><time>1970-01-01T00:00:01.000Z</time></trkpt>
			<trkpt lat="55.772398" lon="37.410574"><time>1970-01-01T00:00:01.000Z</time></trkpt>
			<trkpt lat="55.772356" lon="37.409501"><time>1970-01-01T00:00:01.000Z</time></trkpt>
			<trkpt lat="55.772205" lon="37.408492"><time>1970-01-01T00:00:01.000Z</time></trkpt>
			<trkpt lat="55.771862" lon="37.407892"><time>1970-01-01T00:00:01.000Z</time></trkpt>
			<trkpt lat="55.771733" lon="37.404995"><time>1970-01-01T00:00:01.000Z</time></trkpt>
			<trkpt lat="55.771649" lon="37.404295"><time>1970-01-01T00:00:01.000Z</time></trkpt>
			<trkpt lat="55.771604" lon="37.403142"><time>1970-01-01T00:00:01.000Z</time></trkpt>
			<trkpt lat="55.771172" lon="37.398201"><time>1970-01-01T00:00:01.000Z</time></trkpt>
			<trkpt lat="55.771214" lon="37.395294"><time>1970-01-01T00:00:01.000Z</time></trkpt>
			<trkpt lat="55.770918" lon="37.387292"><time>1970-01-01T00:00:01.000Z</time></trkpt>
			<trkpt lat="55.771154" lon="37.387035"><time>1970-01-01T00:00:01.000Z</time></trkpt>
			<trkpt lat="55.772978" lon="37.387099"><time>1970-01-01T00:00:01.000Z</time></trkpt>
			<trkpt lat="55.774394" lon="37.387249"><time>1970-01-01T00:00:01.000Z</time></trkpt>
			<trkpt lat="55.775403" lon="37.389459"><time>1970-01-01T00:00:01.000Z</time></trkpt>
			<trkpt lat="55.777083" lon="37.391131"><time>1970-01-01T00:00:01.000Z</time></trkpt>
			<trkpt lat="55.778308" lon="37.392290"><time>1970-01-01T00:00:01.000Z</time></trkpt>
			<trkpt lat="55.780094" lon="37.394784"><time>1970-01-01T00:00:01.000Z</time></trkpt>
			<trkpt lat="55.780745" lon="37.395339"><time>1970-01-01T00:00:01.000Z</time></trkpt>
			<trkpt lat="55.783342" lon="37.397270"><time>1970-01-01T00:00:01.000Z</time></trkpt>
			<trkpt lat="55.783708" lon="37.397477"><time>1970-01-01T00:00:01.000Z</time></trkpt>
			<trkpt lat="55.784459" lon="37.397676"><time>1970-01-01T00:00:01.000Z</time></trkpt>
			<trkpt lat="55.785291" lon="37.398335"><time>1970-01-01T00:00:01.000Z</time></trkpt>
			<trkpt lat="55.785095" lon="37.399178"><time>1970-01-01T00:00:01.000Z</time></trkpt>
			<trkpt lat="55.784844" lon="37.399566"><time>1970-01-01T00:00:01.000Z</time></trkpt>
			<trkpt lat="55.784372" lon="37.400489"><time>1970-01-01T00:00:01.000Z</time></trkpt>
			<trkpt lat="55.784071" lon="37.401647"><time>1970-01-01T00:00:01.000Z</time></trkpt>
			<trkpt lat="55.783878" lon="37.402634"><time>1970-01-01T00:00:01.000Z</time></trkpt>
			<trkpt lat="55.784265" lon="37.403900"><time>1970-01-01T00:00:01.000Z</time></trkpt>
			<trkpt lat="55.787054" lon="37.406432"><time>1970-01-01T00:00:01.000Z</time></trkpt>
			<trkpt lat="55.788685" lon="37.407591"><time>1970-01-01T00:00:01.000Z</time></trkpt>
			<trkpt lat="55.791399" lon="37.408710"><time>1970-01-01T00:00:01.000Z</time></trkpt>
			<trkpt lat="55.791903" lon="37.409037"><time>1970-01-01T00:00:01.000Z</time></trkpt>
			<trkpt lat="55.792337" lon="37.409230"><time>1970-01-01T00:00:01.000Z</time></trkpt>
			<trkpt lat="55.792382" lon="37.409107"><time>1970-01-01T00:00:01.000Z</time></trkpt>
			<trkpt lat="55.792985" lon="37.409220"><time>1970-01-01T00:00:01.000Z</time></trkpt>
			<trkpt lat="55.794267" lon="37.410159"><time>1970-01-01T00:00:01.000Z</time></trkpt>
			<trkpt lat="55.794584" lon="37.409906"><time>1970-01-01T00:00:01.000Z</time></trkpt>
			<trkpt lat="55.796004" lon="37.410797"><time>1970-01-01T00:00:01.000Z</time></trkpt>
			<trkpt lat="55.797277" lon="37.412224"><time>1970-01-01T00:00:01.000Z</time></trkpt>
			<trkpt lat="55.800874" lon="37.416971"><time>1970-01-01T00:00:01.000Z</time></trkpt>
			<trkpt lat="55.803289" lon="37.418940"><time>1970-01-01T00:00:01.000Z</time></trkpt>
			<trkpt lat="55.803440" lon="37.419777"><time>1970-01-01T00:00:01.000Z</time></trkpt>
			<trkpt lat="55.803494" lon="37.420582"><time>1970-01-01T00:00:01.000Z</time></trkpt>
			<trkpt lat="55.803500" lon="37.421697"><time>1970-01-01T00:00:01.000Z</time></trkpt>
			<trkpt lat="55.803379" lon="37.423189"><time>1970-01-01T00:00:01.000Z</time></trkpt>
			<trkpt lat="55.803265" lon="37.424154"><time>1970-01-01T00:00:01.000Z</time></trkpt>
			<trkpt lat="55.803265" lon="37.425721"><time>1970-01-01T00:00:01.000Z</time></trkpt>
			<trkpt lat="55.803426" lon="37.426324"><time>1970-01-01T00:00:01.000Z</time></trkpt>
			<trkpt lat="55.803576" lon="37.428942"><time>1970-01-01T00:00:01.000Z</time></trkpt>
			<trkpt lat="55.803984" lon="37.431259"><time>1970-01-01T00:00:01.000Z</time></trkpt>
			<trkpt lat="55.804628" lon="37.435765"><time>1970-01-01T00:00:01.000Z</time></trkpt>
			<trkpt lat="55.804628" lon="37.437482"><time>1970-01-01T00:00:01.000Z</time></trkpt>
			<trkpt lat="55.804285" lon="37.438834"><time>1970-01-01T00:00:01.000Z</time></trkpt>
			<trkpt lat="55.804263" lon="37.440057"><time>1970-01-01T00:00:01.000Z</time></trkpt>
			<trkpt lat="55.804306" lon="37.440464"><time>1970-01-01T00:00:01.000Z</time></trkpt>
			<trkpt lat="55.804392" lon="37.440700"><time>1970-01-01T00:00:01.000Z</time></trkpt>
			<trkpt lat="55.804664" lon="37.440993"><time>1970-01-01T00:00:01.000Z</time></trkpt>
			<trkpt lat="55.805372" lon="37.440961"><time>1970-01-01T00:00:01.000Z</time></trkpt>
			<trkpt lat="55.805282" lon="37.438499"><time>1970-01-01T00:00:01.000Z</time></trkpt>
			<trkpt lat="55.805339" lon="37.437935"><time>1970-01-01T00:00:01.000Z</time></trkpt>
			<trkpt lat="55.805279" lon="37.437598"><time>1970-01-01T00:00:01.000Z</time></trkpt>
			<trkpt lat="55.805101" lon="37.437458"><time>1970-01-01T00:00:01.000Z</time></trkpt>
			<trkpt lat="55.805200" lon="37.440886"><time>1970-01-01T00:00:01.000Z</time></trkpt>
			<trkpt lat="55.805541" lon="37.449421"><time>1970-01-01T00:00:01.000Z</time></trkpt>
			<trkpt lat="55.805815" lon="37.453787"><time>1970-01-01T00:00:01.000Z</time></trkpt>
			<trkpt lat="55.805999" lon="37.455472"><time>1970-01-01T00:00:01.000Z</time></trkpt>
			<trkpt lat="55.806280" lon="37.456879"><time>1970-01-01T00:00:01.000Z</time></trkpt>
			<trkpt lat="55.807246" lon="37.458382"><time>1970-01-01T00:00:01.000Z</time></trkpt>
			<trkpt lat="55.808748" lon="37.460120"><time>1970-01-01T00:00:01.000Z</time></trkpt>
			<trkpt lat="55.809649" lon="37.459175"><time>1970-01-01T00:00:01.000Z</time></trkpt>
			<trkpt lat="55.809628" lon="37.454176"><time>1970-01-01T00:00:01.000Z</time></trkpt>
			<trkpt lat="55.809530" lon="37.448042"><time>1970-01-01T00:00:01.000Z</time></trkpt>
			<trkpt lat="55.809647" lon="37.448010"><time>1970-01-01T00:00:01.000Z</time></trkpt>
			<trkpt lat="55.810865" lon="37.448375"><time>1970-01-01T00:00:01.000Z</time></trkpt>
			<trkpt lat="55.811752" lon="37.448704"><time>1970-01-01T00:00:01.000Z</time></trkpt>
			<trkpt lat="55.812160" lon="37.449090"><time>1970-01-01T00:00:01.000Z</time></trkpt>
			<trkpt lat="55.812546" lon="37.449348"><time>1970-01-01T00:00:01.000Z</time></trkpt>
			<trkpt lat="55.812932" lon="37.449412"><time>1970-01-01T00:00:01.000Z</time></trkpt>
			<trkpt lat="55.813211" lon="37.449283"><time>1970-01-01T00:00:01.000Z</time></trkpt>
			<trkpt lat="55.813490" lon="37.449391"><time>1970-01-01T00:00:01.000Z</time></trkpt>
			<trkpt lat="55.813619" lon="37.449820"><time>1970-01-01T00:00:01.000Z</time></trkpt>
			<trkpt lat="55.813597" lon="37.450056"><time>1970-01-01T00:00:01.000Z</time></trkpt>
			<trkpt lat="55.813490" lon="37.450399"><time>1970-01-01T00:00:01.000Z</time></trkpt>
			<trkpt lat="55.814391" lon="37.451043"><time>1970-01-01T00:00:01.000Z</time></trkpt>
			<trkpt lat="55.814627" lon="37.451172"><time>1970-01-01T00:00:01.000Z</time></trkpt>
			<trkpt lat="55.814885" lon="37.451129"><time>1970-01-01T00:00:01.000Z</time></trkpt>
			<trkpt lat="55.816043" lon="37.451794"><time>1970-01-01T00:00:01.000Z</time></trkpt>
			<trkpt lat="55.817739" lon="37.453039"><time>1970-01-01T00:00:01.000Z</time></trkpt>
			<trkpt lat="55.817975" lon="37.453596"><time>1970-01-01T00:00:01.000Z</time></trkpt>
			<trkpt lat="55.818361" lon="37.453897"><time>1970-01-01T00:00:01.000Z</time></trkpt>
			<trkpt lat="55.818468" lon="37.453832"><time>1970-01-01T00:00:01.000Z</time></trkpt>
			<trkpt lat="55.818557" lon="37.453476"><time>1970-01-01T00:00:01.000Z</time></trkpt>
			<trkpt lat="55.819112" lon="37.453596"><time>1970-01-01T00:00:01.000Z</time></trkpt>
			<trkpt lat="55.826429" lon="37.458939"><time>1970-01-01T00:00:01.000Z</time></trkpt>
			<trkpt lat="55.826622" lon="37.459283"><time>1970-01-01T00:00:01.000Z</time></trkpt>
			<trkpt lat="55.827008" lon="37.459798"><time>1970-01-01T00:00:01.000Z</time></trkpt>
			<trkpt lat="55.826729" lon="37.460162"><time>1970-01-01T00:00:01.000Z</time></trkpt>
			<trkpt lat="55.825957" lon="37.460935"><time>1970-01-01T00:00:01.000Z</time></trkpt>
			<trkpt lat="55.825592" lon="37.461364"><time>1970-01-01T00:00:01.000Z</time></trkpt>
			<trkpt lat="55.825077" lon="37.461772"><time>1970-01-01T00:00:01.000Z</time></trkpt>
			<trkpt lat="55.824744" lon="37.462156"><time>1970-01-01T00:00:01.000Z</time></trkpt>
			<trkpt lat="55.824635" lon="37.462649"><time>1970-01-01T00:00:01.000Z</time></trkpt>
			<trkpt lat="55.824527" lon="37.463567"><time>1970-01-01T00:00:01.000Z</time></trkpt>
			<trkpt lat="55.824373" lon="37.464012"><time>1970-01-01T00:00:01.000Z</time></trkpt>
			<trkpt lat="55.824133" lon="37.464497"><time>1970-01-01T00:00:01.000Z</time></trkpt>
			<trkpt lat="55.823554" lon="37.465377"><time>1970-01-01T00:00:01.000Z</time></trkpt>
			<trkpt lat="55.823159" lon="37.466083"><time>1970-01-01T00:00:01.000Z</time></trkpt>
			<trkpt lat="55.823023" lon="37.466817"><time>1970-01-01T00:00:01.000Z</time></trkpt>
			<trkpt lat="55.822524" lon="37.467930"><time>1970-01-01T00:00:01.000Z</time></trkpt>
			<trkpt lat="55.821451" lon="37.469883"><time>1970-01-01T00:00:01.000Z</time></trkpt>
			<trkpt lat="55.821365" lon="37.470720"><time>1970-01-01T00:00:01.000Z</time></trkpt>
			<trkpt lat="55.821472" lon="37.471900"><time>1970-01-01T00:00:01.000Z</time></trkpt>
			<trkpt lat="55.821365" lon="37.473574"><time>1970-01-01T00:00:01.000Z</time></trkpt>
			<trkpt lat="55.820828" lon="37.473852"><time>1970-01-01T00:00:01.000Z</time></trkpt>
			<trkpt lat="55.819562" lon="37.474239"><time>1970-01-01T00:00:01.000Z</time></trkpt>
			<trkpt lat="55.818490" lon="37.473638"><time>1970-01-01T00:00:01.000Z</time></trkpt>
			<trkpt lat="55.817975" lon="37.474904"><time>1970-01-01T00:00:01.000Z</time></trkpt>
			<trkpt lat="55.817309" lon="37.477693"><time>1970-01-01T00:00:01.000Z</time></trkpt>
			<trkpt lat="55.817545" lon="37.478402"><time>1970-01-01T00:00:01.000Z</time></trkpt>
			<trkpt lat="55.818082" lon="37.480376"><time>1970-01-01T00:00:01.000Z</time></trkpt>
			<trkpt lat="55.818548" lon="37.480786"><time>1970-01-01T00:00:01.000Z</time></trkpt>
			<trkpt lat="55.818916" lon="37.480980"><time>1970-01-01T00:00:01.000Z</time></trkpt>
			<trkpt lat="55.818994" lon="37.481457"><time>1970-01-01T00:00:01.000Z</time></trkpt>
			<trkpt lat="55.819305" lon="37.482307"><time>1970-01-01T00:00:01.000Z</time></trkpt>
			<trkpt lat="55.819841" lon="37.481770"><time>1970-01-01T00:00:01.000Z</time></trkpt>
			<trkpt lat="55.820257" lon="37.481688"><time>1970-01-01T00:00:01.000Z</time></trkpt>
			<trkpt lat="55.820444" lon="37.482208"><time>1970-01-01T00:00:01.000Z</time></trkpt>
			<trkpt lat="55.820465" lon="37.482374"><time>1970-01-01T00:00:01.000Z</time></trkpt>
			<trkpt lat="55.820585" lon="37.484525"><time>1970-01-01T00:00:01.000Z</time></trkpt>
			<trkpt lat="55.820694" lon="37.485352"><time>1970-01-01T00:00:01.000Z</time></trkpt>
			<trkpt lat="55.821459" lon="37.486242"><time>1970-01-01T00:00:01.000Z</time></trkpt>
			<trkpt lat="55.822360" lon="37.487052"><time>1970-01-01T00:00:01.000Z</time></trkpt>
			<trkpt lat="55.822746" lon="37.487245"><time>1970-01-01T00:00:01.000Z</time></trkpt>
			<trkpt lat="55.824388" lon="37.487664"><time>1970-01-01T00:00:01.000Z</time></trkpt>
			<trkpt lat="55.824777" lon="37.486834"><time>1970-01-01T00:00:01.000Z</time></trkpt>
			<trkpt lat="55.825603" lon="37.484740"><time>1970-01-01T00:00:01.000Z</time></trkpt>
			<trkpt lat="55.825943" lon="37.483190"><time>1970-01-01T00:00:01.000Z</time></trkpt>
			<trkpt lat="55.826275" lon="37.482948"><time>1970-01-01T00:00:01.000Z</time></trkpt>
			<trkpt lat="55.826693" lon="37.482766"><time>1970-01-01T00:00:01.000Z</time></trkpt>
			<trkpt lat="55.826959" lon="37.482889"><time>1970-01-01T00:00:01.000Z</time></trkpt>
			<trkpt lat="55.827022" lon="37.482803"><time>1970-01-01T00:00:01.000Z</time></trkpt>
			<trkpt lat="55.828516" lon="37.482487"><time>1970-01-01T00:00:01.000Z</time></trkpt>
			<trkpt lat="55.829559" lon="37.483066"><time>1970-01-01T00:00:01.000Z</time></trkpt>
			<trkpt lat="55.830002" lon="37.483442"><time>1970-01-01T00:00:01.000Z</time></trkpt>
			<trkpt lat="55.830282" lon="37.483801"><time>1970-01-01T00:00:01.000Z</time></trkpt>
			<trkpt lat="55.830720" lon="37.484174"><time>1970-01-01T00:00:01.000Z</time></trkpt>
			<trkpt lat="55.831466" lon="37.484354"><time>1970-01-01T00:00:01.000Z</time></trkpt>
			<trkpt lat="55.832094" lon="37.486663"><time>1970-01-01T00:00:01.000Z</time></trkpt>
			<trkpt lat="55.832210" lon="37.486575"><time>1970-01-01T00:00:01.000Z</time></trkpt>
			<trkpt lat="55.832379" lon="37.487256"><time>1970-01-01T00:00:01.000Z</time></trkpt>
			<trkpt lat="55.832376" lon="37.487476"><time>1970-01-01T00:00:01.000Z</time></trkpt>
			<trkpt lat="55.832608" lon="37.487401"><time>1970-01-01T00:00:01.000Z</time></trkpt>
			<trkpt lat="55.832834" lon="37.487428"><time>1970-01-01T00:00:01.000Z</time></trkpt>
			<trkpt lat="55.832921" lon="37.487605"><time>1970-01-01T00:00:01.000Z</time></trkpt>
			<trkpt lat="55.833665" lon="37.490963"><time>1970-01-01T00:00:01.000Z</time></trkpt>
			<trkpt lat="55.833822" lon="37.491290"><time>1970-01-01T00:00:01.000Z</time></trkpt>
			<trkpt lat="55.835048" lon="37.496719"><time>1970-01-01T00:00:01.000Z</time></trkpt>
			<trkpt lat="55.835349" lon="37.496848"><time>1970-01-01T00:00:01.000Z</time></trkpt>
			<trkpt lat="55.835741" lon="37.498612"><time>1970-01-01T00:00:01.000Z</time></trkpt>
			<trkpt lat="55.835827" lon="37.498722"><time>1970-01-01T00:00:01.000Z</time></trkpt>
			<trkpt lat="55.836416" lon="37.501230"><time>1970-01-01T00:00:01.000Z</time></trkpt>
			<trkpt lat="55.836461" lon="37.501777"><time>1970-01-01T00:00:01.000Z</time></trkpt>
			<trkpt lat="55.837066" lon="37.504368"><time>1970-01-01T00:00:01.000Z</time></trkpt>
			<trkpt lat="55.837130" lon="37.504535"><time>1970-01-01T00:00:01.000Z</time></trkpt>
			<trkpt lat="55.837322" lon="37.504846"><time>1970-01-01T00:00:01.000Z</time></trkpt>
			<trkpt lat="55.837419" lon="37.505211"><time>1970-01-01T00:00:01.000Z</time></trkpt>
			<trkpt lat="55.837702" lon="37.505339"><time>1970-01-01T00:00:01.000Z</time></trkpt>
			<trkpt lat="55.837771" lon="37.505200"><time>1970-01-01T00:00:01.000Z</time></trkpt>
			<trkpt lat="55.838190" lon="37.504926"><time>1970-01-01T00:00:01.000Z</time></trkpt>
			<trkpt lat="55.838699" lon="37.504728"><time>1970-01-01T00:00:01.000Z</time></trkpt>
			<trkpt lat="55.838928" lon="37.504792"><time>1970-01-01T00:00:01.000Z</time></trkpt>
			<trkpt lat="55.839211" lon="37.505087"><time>1970-01-01T00:00:01.000Z</time></trkpt>
			<trkpt lat="55.839666" lon="37.505892"><time>1970-01-01T00:00:01.000Z</time></trkpt>
			<trkpt lat="55.839717" lon="37.506139"><time>1970-01-01T00:00:01.000Z</time></trkpt>
			<trkpt lat="55.839669" lon="37.506745"><time>1970-01-01T00:00:01.000Z</time></trkpt>
			<trkpt lat="55.839811" lon="37.507635"><time>1970-01-01T00:00:01.000Z</time></trkpt>
			<trkpt lat="55.839790" lon="37.508134"><time>1970-01-01T00:00:01.000Z</time></trkpt>
			<trkpt lat="55.839949" lon="37.509191"><time>1970-01-01T00:00:01.000Z</time></trkpt>
			<trkpt lat="55.840705" lon="37.509803"><time>1970-01-01T00:00:01.000Z</time></trkpt>
			<trkpt lat="55.840976" lon="37.510200"><time>1970-01-01T00:00:01.000Z</time></trkpt>
			<trkpt lat="55.841368" lon="37.510446"><time>1970-01-01T00:00:01.000Z</time></trkpt>
			<trkpt lat="55.842061" lon="37.510629"><time>1970-01-01T00:00:01.000Z</time></trkpt>
			<trkpt lat="55.842753" lon="37.511240"><time>1970-01-01T00:00:01.000Z</time></trkpt>
			<trkpt lat="55.843476" lon="37.512227"><time>1970-01-01T00:00:01.000Z</time></trkpt>
			<trkpt lat="55.843789" lon="37.512388"><time>1970-01-01T00:00:01.000Z</time></trkpt>
			<trkpt lat="55.844027" lon="37.511916"><time>1970-01-01T00:00:01.000Z</time></trkpt>
			<trkpt lat="55.844937" lon="37.510543"><time>1970-01-01T00:00:01.000Z</time></trkpt>
			<trkpt lat="55.845060" lon="37.510452"><time>1970-01-01T00:00:01.000Z</time></trkpt>
			<trkpt lat="55.845244" lon="37.510403"><time>1970-01-01T00:00:01.000Z</time></trkpt>
			<trkpt lat="55.845705" lon="37.510672"><time>1970-01-01T00:00:01.000Z</time></trkpt>
			<trkpt lat="55.846148" lon="37.511060"><time>1970-01-01T00:00:01.000Z</time></trkpt>
			<trkpt lat="55.846340" lon="37.511310"><time>1970-01-01T00:00:01.000Z</time></trkpt>
			<trkpt lat="55.846542" lon="37.511766"><time>1970-01-01T00:00:01.000Z</time></trkpt>
			<trkpt lat="55.846685" lon="37.512562"><time>1970-01-01T00:00:01.000Z</time></trkpt>
			<trkpt lat="55.846699" lon="37.513386"><time>1970-01-01T00:00:01.000Z</time></trkpt>
			<trkpt lat="55.846467" lon="37.514378"><time>1970-01-01T00:00:01.000Z</time></trkpt>
			<trkpt lat="55.845795" lon="37.515591"><time>1970-01-01T00:00:01.000Z</time></trkpt>
			<trkpt lat="55.845374" lon="37.515612"><time>1970-01-01T00:00:01.000Z</time></trkpt>
			<trkpt lat="55.845012" lon="37.515768"><time>1970-01-01T00:00:01.000Z</time></trkpt>
			<trkpt lat="55.844777" lon="37.516106"><time>1970-01-01T00:00:01.000Z</time></trkpt>
			<trkpt lat="55.844582" lon="37.516703"><time>1970-01-01T00:00:01.000Z</time></trkpt>
			<trkpt lat="55.844432" lon="37.517326"><time>1970-01-01T00:00:01.000Z</time></trkpt>
			<trkpt lat="55.844410" lon="37.517755"><time>1970-01-01T00:00:01.000Z</time></trkpt>
			<trkpt lat="55.843187" lon="37.517047"><time>1970-01-01T00:00:01.000Z</time></trkpt>
			<trkpt lat="55.842994" lon="37.517240"><time>1970-01-01T00:00:01.000Z</time></trkpt>
			<trkpt lat="55.842908" lon="37.517605"><time>1970-01-01T00:00:01.000Z</time></trkpt>
			<trkpt lat="55.842951" lon="37.518077"><time>1970-01-01T00:00:01.000Z</time></trkpt>
			<trkpt lat="55.842393" lon="37.520501"><time>1970-01-01T00:00:01.000Z</time></trkpt>
			<trkpt lat="55.842072" lon="37.520308"><time>1970-01-01T00:00:01.000Z</time></trkpt>
			<trkpt lat="55.841599" lon="37.519922"><time>1970-01-01T00:00:01.000Z</time></trkpt>
			<trkpt lat="55.841578" lon="37.519493"><time>1970-01-01T00:00:01.000Z</time></trkpt>
			<trkpt lat="55.841514" lon="37.519386"><time>1970-01-01T00:00:01.000Z</time></trkpt>
			<trkpt lat="55.841365" lon="37.518745"><time>1970-01-01T00:00:01.000Z</time></trkpt>
			<trkpt lat="55.841238" lon="37.518836"><time>1970-01-01T00:00:01.000Z</time></trkpt>
			<trkpt lat="55.841265" lon="37.519094"><time>1970-01-01T00:00:01.000Z</time></trkpt>
			<trkpt lat="55.841127" lon="37.520826"><time>1970-01-01T00:00:01.000Z</time></trkpt>
			<trkpt lat="55.841558" lon="37.522146"><time>1970-01-01T00:00:01.000Z</time></trkpt>
			<trkpt lat="55.841531" lon="37.522296"><time>1970-01-01T00:00:01.000Z</time></trkpt>
			<trkpt lat="55.840645" lon="37.523214"><time>1970-01-01T00:00:01.000Z</time></trkpt>
			<trkpt lat="55.840485" lon="37.523310"><time>1970-01-01T00:00:01.000Z</time></trkpt>
			<trkpt lat="55.840130" lon="37.523423"><time>1970-01-01T00:00:01.000Z</time></trkpt>
			<trkpt lat="55.839925" lon="37.523401"><time>1970-01-01T00:00:01.000Z</time></trkpt>
			<trkpt lat="55.839817" lon="37.523299"><time>1970-01-01T00:00:01.000Z</time></trkpt>
			<trkpt lat="55.839796" lon="37.523160"><time>1970-01-01T00:00:01.000Z</time></trkpt>
			<trkpt lat="55.839844" lon="37.522967"><time>1970-01-01T00:00:01.000Z</time></trkpt>
			<trkpt lat="55.839943" lon="37.522811"><time>1970-01-01T00:00:01.000Z</time></trkpt>
			<trkpt lat="55.839883" lon="37.522693"><time>1970-01-01T00:00:01.000Z</time></trkpt>
			<trkpt lat="55.839672" lon="37.523160"><time>1970-01-01T00:00:01.000Z</time></trkpt>
			<trkpt lat="55.839482" lon="37.523117"><time>1970-01-01T00:00:01.000Z</time></trkpt>
			<trkpt lat="55.839425" lon="37.522983"><time>1970-01-01T00:00:01.000Z</time></trkpt>
			<trkpt lat="55.839434" lon="37.522328"><time>1970-01-01T00:00:01.000Z</time></trkpt>
			<trkpt lat="55.839335" lon="37.522017"><time>1970-01-01T00:00:01.000Z</time></trkpt>
			<trkpt lat="55.838904" lon="37.521819"><time>1970-01-01T00:00:01.000Z</time></trkpt>
			<trkpt lat="55.838750" lon="37.521910"><time>1970-01-01T00:00:01.000Z</time></trkpt>
			<trkpt lat="55.838624" lon="37.522114"><time>1970-01-01T00:00:01.000Z</time></trkpt>
			<trkpt lat="55.838545" lon="37.522350"><time>1970-01-01T00:00:01.000Z</time></trkpt>
			<trkpt lat="55.837633" lon="37.521942"><time>1970-01-01T00:00:01.000Z</time></trkpt>
			<trkpt lat="55.837127" lon="37.521658"><time>1970-01-01T00:00:01.000Z</time></trkpt>
			<trkpt lat="55.833982" lon="37.533634"><time>1970-01-01T00:00:01.000Z</time></trkpt>
			<trkpt lat="55.833574" lon="37.533204"><time>1970-01-01T00:00:01.000Z</time></trkpt>
			<trkpt lat="55.830677" lon="37.530844"><time>1970-01-01T00:00:01.000Z</time></trkpt>
			<trkpt lat="55.830356" lon="37.530651"><time>1970-01-01T00:00:01.000Z</time></trkpt>
			<trkpt lat="55.829926" lon="37.530531"><time>1970-01-01T00:00:01.000Z</time></trkpt>
			<trkpt lat="55.829884" lon="37.531423"><time>1970-01-01T00:00:01.000Z</time></trkpt>
			<trkpt lat="55.829685" lon="37.531802"><time>1970-01-01T00:00:01.000Z</time></trkpt>
			<trkpt lat="55.829731" lon="37.532381"><time>1970-01-01T00:00:01.000Z</time></trkpt>
			<trkpt lat="55.829577" lon="37.532408"><time>1970-01-01T00:00:01.000Z</time></trkpt>
			<trkpt lat="55.829634" lon="37.532752"><time>1970-01-01T00:00:01.000Z</time></trkpt>
			<trkpt lat="55.829716" lon="37.532988"><time>1970-01-01T00:00:01.000Z</time></trkpt>
			<trkpt lat="55.830710" lon="37.532746"><time>1970-01-01T00:00:01.000Z</time></trkpt>
			<trkpt lat="55.831098" lon="37.534854"><time>1970-01-01T00:00:01.000Z</time></trkpt>
			<trkpt lat="55.831514" lon="37.536737"><time>1970-01-01T00:00:01.000Z</time></trkpt>
			<trkpt lat="55.831349" lon="37.537059"><time>1970-01-01T00:00:01.000Z</time></trkpt>
			<trkpt lat="55.831180" lon="37.537177"><time>1970-01-01T00:00:01.000Z</time></trkpt>
			<trkpt lat="55.830892" lon="37.537131"><time>1970-01-01T00:00:01.000Z</time></trkpt>
			<trkpt lat="55.830472" lon="37.536834"><time>1970-01-01T00:00:01.000Z</time></trkpt>
			<trkpt lat="55.830381" lon="37.536598"><time>1970-01-01T00:00:01.000Z</time></trkpt>
			<trkpt lat="55.829905" lon="37.535922"><time>1970-01-01T00:00:01.000Z</time></trkpt>
			<trkpt lat="55.829679" lon="37.535772"><time>1970-01-01T00:00:01.000Z</time></trkpt>
			<trkpt lat="55.828516" lon="37.535380"><time>1970-01-01T00:00:01.000Z</time></trkpt>
			<trkpt lat="55.828143" lon="37.535310"><time>1970-01-01T00:00:01.000Z</time></trkpt>
			<trkpt lat="55.827330" lon="37.534964"><time>1970-01-01T00:00:01.000Z</time></trkpt>
			<trkpt lat="55.827287" lon="37.534835"><time>1970-01-01T00:00:01.000Z</time></trkpt>
			<trkpt lat="55.827137" lon="37.534835"><time>1970-01-01T00:00:01.000Z</time></trkpt>
			<trkpt lat="55.826965" lon="37.534942"><time>1970-01-01T00:00:01.000Z</time></trkpt>
			<trkpt lat="55.826794" lon="37.535157"><time>1970-01-01T00:00:01.000Z</time></trkpt>
			<trkpt lat="55.826708" lon="37.535565"><time>1970-01-01T00:00:01.000Z</time></trkpt>
			<trkpt lat="55.826536" lon="37.536917"><time>1970-01-01T00:00:01.000Z</time></trkpt>
			<trkpt lat="55.824841" lon="37.538419"><time>1970-01-01T00:00:01.000Z</time></trkpt>
			<trkpt lat="55.824433" lon="37.539105"><time>1970-01-01T00:00:01.000Z</time></trkpt>
			<trkpt lat="55.824133" lon="37.540092"><time>1970-01-01T00:00:01.000Z</time></trkpt>
			<trkpt lat="55.824026" lon="37.540221"><time>1970-01-01T00:00:01.000Z</time></trkpt>
			<trkpt lat="55.824069" lon="37.540586"><time>1970-01-01T00:00:01.000Z</time></trkpt>
			<trkpt lat="55.824376" lon="37.541013"><time>1970-01-01T00:00:01.000Z</time></trkpt>
			<trkpt lat="55.827814" lon="37.547906"><time>1970-01-01T00:00:01.000Z</time></trkpt>
			<trkpt lat="55.830074" lon="37.552562"><time>1970-01-01T00:00:01.000Z</time></trkpt>
			<trkpt lat="55.832551" lon="37.550642"><time>1970-01-01T00:00:01.000Z</time></trkpt>
			<trkpt lat="55.832635" lon="37.550889"><time>1970-01-01T00:00:01.000Z</time></trkpt>
			<trkpt lat="55.832737" lon="37.550821"><time>1970-01-01T00:00:01.000Z</time></trkpt>
			<trkpt lat="55.832866" lon="37.551336"><time>1970-01-01T00:00:01.000Z</time></trkpt>
			<trkpt lat="55.833081" lon="37.551508"><time>1970-01-01T00:00:01.000Z</time></trkpt>
			<trkpt lat="55.833210" lon="37.551980"><time>1970-01-01T00:00:01.000Z</time></trkpt>
			<trkpt lat="55.833317" lon="37.552109"><time>1970-01-01T00:00:01.000Z</time></trkpt>
			<trkpt lat="55.833510" lon="37.552044"><time>1970-01-01T00:00:01.000Z</time></trkpt>
			<trkpt lat="55.837265" lon="37.570648"><time>1970-01-01T00:00:01.000Z</time></trkpt>
			<trkpt lat="55.838102" lon="37.569318"><time>1970-01-01T00:00:01.000Z</time></trkpt>
			<trkpt lat="55.839668" lon="37.566464"><time>1970-01-01T00:00:01.000Z</time></trkpt>
			<trkpt lat="55.839926" lon="37.565648"><time>1970-01-01T00:00:01.000Z</time></trkpt>
			<trkpt lat="55.840076" lon="37.565327"><time>1970-01-01T00:00:01.000Z</time></trkpt>
			<trkpt lat="55.841406" lon="37.563331"><time>1970-01-01T00:00:01.000Z</time></trkpt>
			<trkpt lat="55.842844" lon="37.561486"><time>1970-01-01T00:00:01.000Z</time></trkpt>
			<trkpt lat="55.844131" lon="37.559576"><time>1970-01-01T00:00:01.000Z</time></trkpt>
			<trkpt lat="55.844325" lon="37.559855"><time>1970-01-01T00:00:01.000Z</time></trkpt>
			<trkpt lat="55.844689" lon="37.560735"><time>1970-01-01T00:00:01.000Z</time></trkpt>
			<trkpt lat="55.845226" lon="37.562451"><time>1970-01-01T00:00:01.000Z</time></trkpt>
			<trkpt lat="55.845827" lon="37.566357"><time>1970-01-01T00:00:01.000Z</time></trkpt>
			<trkpt lat="55.845998" lon="37.567773"><time>1970-01-01T00:00:01.000Z</time></trkpt>
			<trkpt lat="55.845741" lon="37.567987"><time>1970-01-01T00:00:01.000Z</time></trkpt>
			<trkpt lat="55.846127" lon="37.568824"><time>1970-01-01T00:00:01.000Z</time></trkpt>
			<trkpt lat="55.846256" lon="37.570026"><time>1970-01-01T00:00:01.000Z</time></trkpt>
			<trkpt lat="55.846556" lon="37.572021"><time>1970-01-01T00:00:01.000Z</time></trkpt>
			<trkpt lat="55.846835" lon="37.573609"><time>1970-01-01T00:00:01.000Z</time></trkpt>
			<trkpt lat="55.846814" lon="37.574661"><time>1970-01-01T00:00:01.000Z</time></trkpt>
			<trkpt lat="55.846621" lon="37.575583"><time>1970-01-01T00:00:01.000Z</time></trkpt>
			<trkpt lat="55.846792" lon="37.580347"><time>1970-01-01T00:00:01.000Z</time></trkpt>
			<trkpt lat="55.845526" lon="37.580368"><time>1970-01-01T00:00:01.000Z</time></trkpt>
			<trkpt lat="55.843123" lon="37.580283"><time>1970-01-01T00:00:01.000Z</time></trkpt>
			<trkpt lat="55.840977" lon="37.580283"><time>1970-01-01T00:00:01.000Z</time></trkpt>
			<trkpt lat="55.840655" lon="37.581334"><time>1970-01-01T00:00:01.000Z</time></trkpt>
			<trkpt lat="55.840877" lon="37.581718"><time>1970-01-01T00:00:01.000Z</time></trkpt>
			<trkpt lat="55.840642" lon="37.582163"><time>1970-01-01T00:00:01.000Z</time></trkpt>
			<trkpt lat="55.840979" lon="37.582818"><time>1970-01-01T00:00:01.000Z</time></trkpt>
			<trkpt lat="55.840642" lon="37.583295"><time>1970-01-01T00:00:01.000Z</time></trkpt>
			<trkpt lat="55.841088" lon="37.584159"><time>1970-01-01T00:00:01.000Z</time></trkpt>
			<trkpt lat="55.841220" lon="37.584170"><time>1970-01-01T00:00:01.000Z</time></trkpt>
			<trkpt lat="55.841359" lon="37.584266"><time>1970-01-01T00:00:01.000Z</time></trkpt>
			<trkpt lat="55.841744" lon="37.584921"><time>1970-01-01T00:00:01.000Z</time></trkpt>
			<trkpt lat="55.842470" lon="37.586503"><time>1970-01-01T00:00:01.000Z</time></trkpt>
			<trkpt lat="55.842627" lon="37.586643"><time>1970-01-01T00:00:01.000Z</time></trkpt>
			<trkpt lat="55.842715" lon="37.587213"><time>1970-01-01T00:00:01.000Z</time></trkpt>
		</trkseg>
	</trk>
</gpx>